--
-- PostgreSQL database dump
--

\restrict ghzXiGvM4kZB6eKaR8gZExMiX9ZlowjiGHuvuciDoDmbm9ieUQZ0s6IKEOm1KeI

-- Dumped from database version 18.0 (Debian 18.0-1.pgdg13+3)
-- Dumped by pg_dump version 18.0 (Debian 18.0-1.pgdg13+3)

SET client_encoding = 'UTF8';
SET standard_conforming_strings = on;
SELECT pg_catalog.set_config('search_path', '', false);
SET check_function_bodies = false;
SET xmloption = content;
SET client_min_messages = warning;
SET row_security = off;

SET default_tablespace = '';

SET default_table_access_method = heap;

--
-- Name: auth_group; Type: TABLE; Schema: public; Owner: postgres
--

CREATE TABLE public.auth_group (
    id integer NOT NULL,
    name character varying(150) NOT NULL
);


ALTER TABLE public.auth_group OWNER TO postgres;

--
-- Name: auth_group_id_seq; Type: SEQUENCE; Schema: public; Owner: postgres
--

ALTER TABLE public.auth_group ALTER COLUMN id ADD GENERATED BY DEFAULT AS IDENTITY (
    SEQUENCE NAME public.auth_group_id_seq
    START WITH 1
    INCREMENT BY 1
    NO MINVALUE
    NO MAXVALUE
    CACHE 1
);


--
-- Name: auth_group_permissions; Type: TABLE; Schema: public; Owner: postgres
--

CREATE TABLE public.auth_group_permissions (
    id bigint NOT NULL,
    group_id integer NOT NULL,
    permission_id integer NOT NULL
);


ALTER TABLE public.auth_group_permissions OWNER TO postgres;

--
-- Name: auth_group_permissions_id_seq; Type: SEQUENCE; Schema: public; Owner: postgres
--

ALTER TABLE public.auth_group_permissions ALTER COLUMN id ADD GENERATED BY DEFAULT AS IDENTITY (
    SEQUENCE NAME public.auth_group_permissions_id_seq
    START WITH 1
    INCREMENT BY 1
    NO MINVALUE
    NO MAXVALUE
    CACHE 1
);


--
-- Name: auth_permission; Type: TABLE; Schema: public; Owner: postgres
--

CREATE TABLE public.auth_permission (
    id integer NOT NULL,
    name character varying(255) NOT NULL,
    content_type_id integer NOT NULL,
    codename character varying(100) NOT NULL
);


ALTER TABLE public.auth_permission OWNER TO postgres;

--
-- Name: auth_permission_id_seq; Type: SEQUENCE; Schema: public; Owner: postgres
--

ALTER TABLE public.auth_permission ALTER COLUMN id ADD GENERATED BY DEFAULT AS IDENTITY (
    SEQUENCE NAME public.auth_permission_id_seq
    START WITH 1
    INCREMENT BY 1
    NO MINVALUE
    NO MAXVALUE
    CACHE 1
);


--
-- Name: auth_user; Type: TABLE; Schema: public; Owner: postgres
--

CREATE TABLE public.auth_user (
    id integer NOT NULL,
    password character varying(128) NOT NULL,
    last_login timestamp with time zone,
    is_superuser boolean NOT NULL,
    username character varying(150) NOT NULL,
    first_name character varying(150) NOT NULL,
    last_name character varying(150) NOT NULL,
    email character varying(254) NOT NULL,
    is_staff boolean NOT NULL,
    is_active boolean NOT NULL,
    date_joined timestamp with time zone NOT NULL
);


ALTER TABLE public.auth_user OWNER TO postgres;

--
-- Name: auth_user_groups; Type: TABLE; Schema: public; Owner: postgres
--

CREATE TABLE public.auth_user_groups (
    id bigint NOT NULL,
    user_id integer NOT NULL,
    group_id integer NOT NULL
);


ALTER TABLE public.auth_user_groups OWNER TO postgres;

--
-- Name: auth_user_groups_id_seq; Type: SEQUENCE; Schema: public; Owner: postgres
--

ALTER TABLE public.auth_user_groups ALTER COLUMN id ADD GENERATED BY DEFAULT AS IDENTITY (
    SEQUENCE NAME public.auth_user_groups_id_seq
    START WITH 1
    INCREMENT BY 1
    NO MINVALUE
    NO MAXVALUE
    CACHE 1
);


--
-- Name: auth_user_id_seq; Type: SEQUENCE; Schema: public; Owner: postgres
--

ALTER TABLE public.auth_user ALTER COLUMN id ADD GENERATED BY DEFAULT AS IDENTITY (
    SEQUENCE NAME public.auth_user_id_seq
    START WITH 1
    INCREMENT BY 1
    NO MINVALUE
    NO MAXVALUE
    CACHE 1
);


--
-- Name: auth_user_user_permissions; Type: TABLE; Schema: public; Owner: postgres
--

CREATE TABLE public.auth_user_user_permissions (
    id bigint NOT NULL,
    user_id integer NOT NULL,
    permission_id integer NOT NULL
);


ALTER TABLE public.auth_user_user_permissions OWNER TO postgres;

--
-- Name: auth_user_user_permissions_id_seq; Type: SEQUENCE; Schema: public; Owner: postgres
--

ALTER TABLE public.auth_user_user_permissions ALTER COLUMN id ADD GENERATED BY DEFAULT AS IDENTITY (
    SEQUENCE NAME public.auth_user_user_permissions_id_seq
    START WITH 1
    INCREMENT BY 1
    NO MINVALUE
    NO MAXVALUE
    CACHE 1
);


--
-- Name: comportamientos; Type: TABLE; Schema: public; Owner: postgres
--

CREATE TABLE public.comportamientos (
    id bigint NOT NULL,
    beheavior_name character varying(30) NOT NULL,
    beheavior_description text NOT NULL,
    color character varying(7) NOT NULL
);


ALTER TABLE public.comportamientos OWNER TO postgres;

--
-- Name: django_admin_log; Type: TABLE; Schema: public; Owner: postgres
--

CREATE TABLE public.django_admin_log (
    id integer NOT NULL,
    action_time timestamp with time zone NOT NULL,
    object_id text,
    object_repr character varying(200) NOT NULL,
    action_flag smallint NOT NULL,
    change_message text NOT NULL,
    content_type_id integer,
    user_id integer NOT NULL,
    CONSTRAINT django_admin_log_action_flag_check CHECK ((action_flag >= 0))
);


ALTER TABLE public.django_admin_log OWNER TO postgres;

--
-- Name: django_admin_log_id_seq; Type: SEQUENCE; Schema: public; Owner: postgres
--

ALTER TABLE public.django_admin_log ALTER COLUMN id ADD GENERATED BY DEFAULT AS IDENTITY (
    SEQUENCE NAME public.django_admin_log_id_seq
    START WITH 1
    INCREMENT BY 1
    NO MINVALUE
    NO MAXVALUE
    CACHE 1
);


--
-- Name: django_content_type; Type: TABLE; Schema: public; Owner: postgres
--

CREATE TABLE public.django_content_type (
    id integer NOT NULL,
    app_label character varying(100) NOT NULL,
    model character varying(100) NOT NULL
);


ALTER TABLE public.django_content_type OWNER TO postgres;

--
-- Name: django_content_type_id_seq; Type: SEQUENCE; Schema: public; Owner: postgres
--

ALTER TABLE public.django_content_type ALTER COLUMN id ADD GENERATED BY DEFAULT AS IDENTITY (
    SEQUENCE NAME public.django_content_type_id_seq
    START WITH 1
    INCREMENT BY 1
    NO MINVALUE
    NO MAXVALUE
    CACHE 1
);


--
-- Name: django_migrations; Type: TABLE; Schema: public; Owner: postgres
--

CREATE TABLE public.django_migrations (
    id bigint NOT NULL,
    app character varying(255) NOT NULL,
    name character varying(255) NOT NULL,
    applied timestamp with time zone NOT NULL
);


ALTER TABLE public.django_migrations OWNER TO postgres;

--
-- Name: django_migrations_id_seq; Type: SEQUENCE; Schema: public; Owner: postgres
--

ALTER TABLE public.django_migrations ALTER COLUMN id ADD GENERATED BY DEFAULT AS IDENTITY (
    SEQUENCE NAME public.django_migrations_id_seq
    START WITH 1
    INCREMENT BY 1
    NO MINVALUE
    NO MAXVALUE
    CACHE 1
);


--
-- Name: django_q_ormq; Type: TABLE; Schema: public; Owner: postgres
--

CREATE TABLE public.django_q_ormq (
    id integer NOT NULL,
    key character varying(100) NOT NULL,
    payload text NOT NULL,
    lock timestamp with time zone
);


ALTER TABLE public.django_q_ormq OWNER TO postgres;

--
-- Name: django_q_ormq_id_seq; Type: SEQUENCE; Schema: public; Owner: postgres
--

ALTER TABLE public.django_q_ormq ALTER COLUMN id ADD GENERATED BY DEFAULT AS IDENTITY (
    SEQUENCE NAME public.django_q_ormq_id_seq
    START WITH 1
    INCREMENT BY 1
    NO MINVALUE
    NO MAXVALUE
    CACHE 1
);


--
-- Name: django_q_schedule; Type: TABLE; Schema: public; Owner: postgres
--

CREATE TABLE public.django_q_schedule (
    id integer NOT NULL,
    func character varying(256) NOT NULL,
    hook character varying(256),
    args text,
    kwargs text,
    schedule_type character varying(2) NOT NULL,
    repeats integer NOT NULL,
    next_run timestamp with time zone,
    task character varying(100),
    name character varying(100),
    minutes smallint,
    cron character varying(100),
    cluster character varying(100),
    intended_date_kwarg character varying(100),
    CONSTRAINT django_q_schedule_minutes_check CHECK ((minutes >= 0))
);


ALTER TABLE public.django_q_schedule OWNER TO postgres;

--
-- Name: django_q_schedule_id_seq; Type: SEQUENCE; Schema: public; Owner: postgres
--

ALTER TABLE public.django_q_schedule ALTER COLUMN id ADD GENERATED BY DEFAULT AS IDENTITY (
    SEQUENCE NAME public.django_q_schedule_id_seq
    START WITH 1
    INCREMENT BY 1
    NO MINVALUE
    NO MAXVALUE
    CACHE 1
);


--
-- Name: django_q_task; Type: TABLE; Schema: public; Owner: postgres
--

CREATE TABLE public.django_q_task (
    name character varying(100) NOT NULL,
    func character varying(256) NOT NULL,
    hook character varying(256),
    args text,
    kwargs text,
    result text,
    started timestamp with time zone NOT NULL,
    stopped timestamp with time zone NOT NULL,
    success boolean NOT NULL,
    id character varying(32) NOT NULL,
    "group" character varying(100),
    attempt_count integer NOT NULL,
    cluster character varying(100)
);


ALTER TABLE public.django_q_task OWNER TO postgres;

--
-- Name: django_session; Type: TABLE; Schema: public; Owner: postgres
--

CREATE TABLE public.django_session (
    session_key character varying(40) NOT NULL,
    session_data text NOT NULL,
    expire_date timestamp with time zone NOT NULL
);


ALTER TABLE public.django_session OWNER TO postgres;

--
-- Name: dogs_api_beheavior_id_seq; Type: SEQUENCE; Schema: public; Owner: postgres
--

ALTER TABLE public.comportamientos ALTER COLUMN id ADD GENERATED BY DEFAULT AS IDENTITY (
    SEQUENCE NAME public.dogs_api_beheavior_id_seq
    START WITH 1
    INCREMENT BY 1
    NO MINVALUE
    NO MAXVALUE
    CACHE 1
);


--
-- Name: fotos_perros; Type: TABLE; Schema: public; Owner: postgres
--

CREATE TABLE public.fotos_perros (
    id bigint NOT NULL,
    image character varying(255) NOT NULL,
    is_primary boolean NOT NULL,
    dog_id bigint NOT NULL
);


ALTER TABLE public.fotos_perros OWNER TO postgres;

--
-- Name: fotos_perros_id_seq; Type: SEQUENCE; Schema: public; Owner: postgres
--

ALTER TABLE public.fotos_perros ALTER COLUMN id ADD GENERATED BY DEFAULT AS IDENTITY (
    SEQUENCE NAME public.fotos_perros_id_seq
    START WITH 1
    INCREMENT BY 1
    NO MINVALUE
    NO MAXVALUE
    CACHE 1
);


--
-- Name: perros; Type: TABLE; Schema: public; Owner: postgres
--

CREATE TABLE public.perros (
    id bigint NOT NULL,
    name character varying(100) NOT NULL,
    age_year integer,
    age_month integer,
    genre character varying(1) NOT NULL,
    adoption_state boolean NOT NULL,
    size character varying(1) NOT NULL,
    arrive_date date NOT NULL,
    description text NOT NULL,
    section character varying(1) NOT NULL,
    life_stage character varying(15) NOT NULL
);


ALTER TABLE public.perros OWNER TO postgres;

--
-- Name: perros_beheaviors; Type: TABLE; Schema: public; Owner: postgres
--

CREATE TABLE public.perros_beheaviors (
    id bigint NOT NULL,
    dog_id bigint NOT NULL,
    beheavior_id bigint NOT NULL
);


ALTER TABLE public.perros_beheaviors OWNER TO postgres;

--
-- Name: perros_beheaviors_id_seq; Type: SEQUENCE; Schema: public; Owner: postgres
--

ALTER TABLE public.perros_beheaviors ALTER COLUMN id ADD GENERATED BY DEFAULT AS IDENTITY (
    SEQUENCE NAME public.perros_beheaviors_id_seq
    START WITH 1
    INCREMENT BY 1
    NO MINVALUE
    NO MAXVALUE
    CACHE 1
);


--
-- Name: perros_id_seq; Type: SEQUENCE; Schema: public; Owner: postgres
--

ALTER TABLE public.perros ALTER COLUMN id ADD GENERATED BY DEFAULT AS IDENTITY (
    SEQUENCE NAME public.perros_id_seq
    START WITH 1
    INCREMENT BY 1
    NO MINVALUE
    NO MAXVALUE
    CACHE 1
);


--
-- Name: vet_api_medical_record; Type: TABLE; Schema: public; Owner: postgres
--

CREATE TABLE public.vet_api_medical_record (
    dog_id bigint NOT NULL,
    last_update_date timestamp with time zone NOT NULL,
    vaccined boolean NOT NULL,
    sterilized boolean NOT NULL,
    dewormed boolean NOT NULL,
    diseases character varying(250) NOT NULL,
    report text NOT NULL,
    next_dose timestamp with time zone
);


ALTER TABLE public.vet_api_medical_record OWNER TO postgres;

--
-- Data for Name: auth_group; Type: TABLE DATA; Schema: public; Owner: postgres
--

COPY public.auth_group (id, name) FROM stdin;
\.


--
-- Data for Name: auth_group_permissions; Type: TABLE DATA; Schema: public; Owner: postgres
--

COPY public.auth_group_permissions (id, group_id, permission_id) FROM stdin;
\.


--
-- Data for Name: auth_permission; Type: TABLE DATA; Schema: public; Owner: postgres
--

COPY public.auth_permission (id, name, content_type_id, codename) FROM stdin;
1	Can add log entry	1	add_logentry
2	Can change log entry	1	change_logentry
3	Can delete log entry	1	delete_logentry
4	Can view log entry	1	view_logentry
5	Can add permission	2	add_permission
6	Can change permission	2	change_permission
7	Can delete permission	2	delete_permission
8	Can view permission	2	view_permission
9	Can add group	3	add_group
10	Can change group	3	change_group
11	Can delete group	3	delete_group
12	Can view group	3	view_group
13	Can add user	4	add_user
14	Can change user	4	change_user
15	Can delete user	4	delete_user
16	Can view user	4	view_user
17	Can add content type	5	add_contenttype
18	Can change content type	5	change_contenttype
19	Can delete content type	5	delete_contenttype
20	Can view content type	5	view_contenttype
21	Can add session	6	add_session
22	Can change session	6	change_session
23	Can delete session	6	delete_session
24	Can view session	6	view_session
25	Can add Scheduled task	7	add_schedule
26	Can change Scheduled task	7	change_schedule
27	Can delete Scheduled task	7	delete_schedule
28	Can view Scheduled task	7	view_schedule
29	Can add task	8	add_task
30	Can change task	8	change_task
31	Can delete task	8	delete_task
32	Can view task	8	view_task
33	Can add Failed task	9	add_failure
34	Can change Failed task	9	change_failure
35	Can delete Failed task	9	delete_failure
36	Can view Failed task	9	view_failure
37	Can add Successful task	10	add_success
38	Can change Successful task	10	change_success
39	Can delete Successful task	10	delete_success
40	Can view Successful task	10	view_success
41	Can add Queued task	11	add_ormq
42	Can change Queued task	11	change_ormq
43	Can delete Queued task	11	delete_ormq
44	Can view Queued task	11	view_ormq
45	Can add Comportamiento	12	add_beheavior
46	Can change Comportamiento	12	change_beheavior
47	Can delete Comportamiento	12	delete_beheavior
48	Can view Comportamiento	12	view_beheavior
49	Can add Perro	13	add_dog
50	Can change Perro	13	change_dog
51	Can delete Perro	13	delete_dog
52	Can view Perro	13	view_dog
53	Can add Foto de perro	14	add_dogimage
54	Can change Foto de perro	14	change_dogimage
55	Can delete Foto de perro	14	delete_dogimage
56	Can view Foto de perro	14	view_dogimage
57	Can add Registro Medico	15	add_medical_record
58	Can change Registro Medico	15	change_medical_record
59	Can delete Registro Medico	15	delete_medical_record
60	Can view Registro Medico	15	view_medical_record
\.


--
-- Data for Name: auth_user; Type: TABLE DATA; Schema: public; Owner: postgres
--

COPY public.auth_user (id, password, last_login, is_superuser, username, first_name, last_name, email, is_staff, is_active, date_joined) FROM stdin;
1	pbkdf2_sha256$1000000$uDu7rq97YqiPRksLUVoZSp$yVgRIoTmsu7adEjlXRdkj6CPTJGP8TRwNzOutAwctUY=	2025-12-18 03:23:22.535348+00	t	admin				t	t	2025-12-17 01:22:31.404724+00
\.


--
-- Data for Name: auth_user_groups; Type: TABLE DATA; Schema: public; Owner: postgres
--

COPY public.auth_user_groups (id, user_id, group_id) FROM stdin;
\.


--
-- Data for Name: auth_user_user_permissions; Type: TABLE DATA; Schema: public; Owner: postgres
--

COPY public.auth_user_user_permissions (id, user_id, permission_id) FROM stdin;
\.


--
-- Data for Name: comportamientos; Type: TABLE DATA; Schema: public; Owner: postgres
--

COPY public.comportamientos (id, beheavior_name, beheavior_description, color) FROM stdin;
1	Jugueton	Juega	#ffffff
\.


--
-- Data for Name: django_admin_log; Type: TABLE DATA; Schema: public; Owner: postgres
--

COPY public.django_admin_log (id, action_time, object_id, object_repr, action_flag, change_message, content_type_id, user_id) FROM stdin;
1	2025-12-17 02:05:28.823777+00	37	Nala	2	[{"changed": {"name": "Foto de perro", "object": "Imagen de Nala", "fields": ["Archivo de imagen"]}}]	13	1
2	2025-12-17 02:07:16.216434+00	1	Jugueton	1	[{"added": {}}]	12	1
3	2025-12-17 02:09:42.346834+00	38	Milo	2	[{"added": {"name": "Foto de perro", "object": "Imagen de Milo"}}, {"added": {"name": "Foto de perro", "object": "Imagen de Milo"}}, {"added": {"name": "Foto de perro", "object": "Imagen de Milo"}}, {"added": {"name": "Foto de perro", "object": "Imagen de Milo"}}, {"changed": {"name": "Foto de perro", "object": "Imagen de Milo", "fields": ["Archivo de imagen"]}}]	13	1
4	2025-12-17 02:10:00.376293+00	38	Milo	2	[{"changed": {"name": "Foto de perro", "object": "Imagen de Milo", "fields": ["Principal"]}}, {"changed": {"name": "Foto de perro", "object": "Imagen de Milo", "fields": ["Principal"]}}]	13	1
5	2025-12-17 02:10:37.222353+00	39	Nina	2	[{"changed": {"name": "Foto de perro", "object": "Imagen de Nina", "fields": ["Archivo de imagen"]}}]	13	1
6	2025-12-17 02:11:58.356833+00	40	Toby	2	[{"added": {"name": "Foto de perro", "object": "Imagen de Toby"}}, {"deleted": {"name": "Foto de perro", "object": "Imagen de Toby"}}]	13	1
7	2025-12-17 02:12:09.845046+00	40	Toby	2	[]	13	1
8	2025-12-17 02:14:28.912736+00	41	Terry	2	[{"added": {"name": "Foto de perro", "object": "Imagen de Terry"}}, {"added": {"name": "Foto de perro", "object": "Imagen de Terry"}}, {"added": {"name": "Foto de perro", "object": "Imagen de Terry"}}, {"added": {"name": "Foto de perro", "object": "Imagen de Terry"}}, {"changed": {"name": "Foto de perro", "object": "Imagen de Terry", "fields": ["Archivo de imagen"]}}]	13	1
9	2025-12-17 02:15:18.557874+00	37	Nala	2	[{"changed": {"fields": ["Descripcion"]}}]	13	1
10	2025-12-17 02:15:27.535558+00	38	Milo	2	[{"changed": {"fields": ["Descripcion"]}}]	13	1
11	2025-12-17 02:15:37.371319+00	39	Nina	2	[{"changed": {"fields": ["Descripcion"]}}]	13	1
12	2025-12-17 02:15:43.268563+00	40	Toby	2	[{"changed": {"fields": ["Descripcion"]}}]	13	1
13	2025-12-17 02:15:51.615232+00	40	Toby	2	[]	13	1
14	2025-12-17 02:15:57.156114+00	41	Terry	2	[{"changed": {"fields": ["Descripcion"]}}]	13	1
15	2025-12-17 02:16:57.181623+00	42	Molly	2	[{"changed": {"fields": ["Descripcion"]}}, {"changed": {"name": "Foto de perro", "object": "Imagen de Molly", "fields": ["Archivo de imagen"]}}]	13	1
16	2025-12-17 02:17:38.022283+00	43	Nina	2	[{"changed": {"fields": ["Descripcion"]}}, {"changed": {"name": "Foto de perro", "object": "Imagen de Nina", "fields": ["Archivo de imagen"]}}]	13	1
17	2025-12-17 02:20:22.922673+00	44	Luna	2	[{"changed": {"fields": ["Descripcion"]}}, {"added": {"name": "Foto de perro", "object": "Imagen de Luna"}}, {"added": {"name": "Foto de perro", "object": "Imagen de Luna"}}, {"changed": {"name": "Foto de perro", "object": "Imagen de Luna", "fields": ["Archivo de imagen"]}}]	13	1
18	2025-12-17 02:21:31.821385+00	45	Chispa	2	[{"changed": {"fields": ["Descripcion"]}}, {"added": {"name": "Foto de perro", "object": "Imagen de Chispa"}}, {"added": {"name": "Foto de perro", "object": "Imagen de Chispa"}}, {"changed": {"name": "Foto de perro", "object": "Imagen de Chispa", "fields": ["Archivo de imagen"]}}]	13	1
19	2025-12-17 02:22:36.082209+00	46	Luna	2	[{"changed": {"fields": ["Descripcion"]}}, {"added": {"name": "Foto de perro", "object": "Imagen de Luna"}}, {"changed": {"name": "Foto de perro", "object": "Imagen de Luna", "fields": ["Archivo de imagen"]}}]	13	1
20	2025-12-17 02:24:34.724976+00	47	Sasha	2	[{"changed": {"fields": ["Descripcion"]}}, {"added": {"name": "Foto de perro", "object": "Imagen de Sasha"}}, {"added": {"name": "Foto de perro", "object": "Imagen de Sasha"}}, {"added": {"name": "Foto de perro", "object": "Imagen de Sasha"}}, {"changed": {"name": "Foto de perro", "object": "Imagen de Sasha", "fields": ["Archivo de imagen"]}}]	13	1
21	2025-12-17 02:25:47.282165+00	48	Canela	2	[{"added": {"name": "Foto de perro", "object": "Imagen de Canela"}}, {"added": {"name": "Foto de perro", "object": "Imagen de Canela"}}, {"changed": {"name": "Foto de perro", "object": "Imagen de Canela", "fields": ["Archivo de imagen"]}}]	13	1
22	2025-12-17 02:26:45.705586+00	49	Dulce	2	[{"changed": {"fields": ["Descripcion"]}}, {"added": {"name": "Foto de perro", "object": "Imagen de Dulce"}}, {"changed": {"name": "Foto de perro", "object": "Imagen de Dulce", "fields": ["Archivo de imagen"]}}]	13	1
23	2025-12-17 02:27:39.305389+00	50	Terry	2	[{"changed": {"fields": ["Descripcion"]}}, {"added": {"name": "Foto de perro", "object": "Imagen de Terry"}}, {"changed": {"name": "Foto de perro", "object": "Imagen de Terry", "fields": ["Archivo de imagen"]}}]	13	1
24	2025-12-17 02:29:19.686827+00	51	Sasha	2	[{"changed": {"fields": ["Descripcion"]}}, {"added": {"name": "Foto de perro", "object": "Imagen de Sasha"}}, {"changed": {"name": "Foto de perro", "object": "Imagen de Sasha", "fields": ["Archivo de imagen"]}}]	13	1
25	2025-12-17 02:29:41.501304+00	51	Sasha	2	[]	13	1
26	2025-12-17 02:30:20.208481+00	52	Rocky	2	[{"changed": {"fields": ["Descripcion"]}}, {"changed": {"name": "Foto de perro", "object": "Imagen de Rocky", "fields": ["Archivo de imagen"]}}]	13	1
27	2025-12-17 02:30:55.120117+00	53	Sasha	2	[{"changed": {"fields": ["Descripcion"]}}, {"changed": {"name": "Foto de perro", "object": "Imagen de Sasha", "fields": ["Archivo de imagen"]}}]	13	1
28	2025-12-17 02:31:58.891619+00	54	Nala	2	[{"changed": {"fields": ["Descripcion"]}}, {"added": {"name": "Foto de perro", "object": "Imagen de Nala"}}, {"changed": {"name": "Foto de perro", "object": "Imagen de Nala", "fields": ["Archivo de imagen", "Principal"]}}]	13	1
29	2025-12-17 02:33:01.313342+00	55	Toby	2	[{"changed": {"fields": ["Descripcion"]}}, {"added": {"name": "Foto de perro", "object": "Imagen de Toby"}}, {"added": {"name": "Foto de perro", "object": "Imagen de Toby"}}, {"changed": {"name": "Foto de perro", "object": "Imagen de Toby", "fields": ["Archivo de imagen"]}}]	13	1
30	2025-12-17 02:33:55.148105+00	56	Chispa	2	[{"changed": {"fields": ["Descripcion"]}}, {"added": {"name": "Foto de perro", "object": "Imagen de Chispa"}}, {"changed": {"name": "Foto de perro", "object": "Imagen de Chispa", "fields": ["Archivo de imagen", "Principal"]}}]	13	1
31	2025-12-17 02:34:18.565946+00	57	Duke	2	[{"changed": {"fields": ["Descripcion"]}}, {"deleted": {"name": "Foto de perro", "object": "Imagen de Duke"}}]	13	1
32	2025-12-17 02:34:36.665058+00	58	Kira	2	[{"changed": {"fields": ["Descripcion"]}}, {"deleted": {"name": "Foto de perro", "object": "Imagen de Kira"}}]	13	1
33	2025-12-17 02:34:43.607268+00	59	Lucky	2	[{"changed": {"fields": ["Descripcion"]}}, {"deleted": {"name": "Foto de perro", "object": "Imagen de Lucky"}}]	13	1
34	2025-12-17 02:34:49.458169+00	60	Chispa	2	[{"changed": {"fields": ["Descripcion"]}}, {"deleted": {"name": "Foto de perro", "object": "Imagen de Chispa"}}]	13	1
35	2025-12-17 02:35:02.266179+00	61	Mila	2	[{"changed": {"fields": ["Descripcion"]}}, {"deleted": {"name": "Foto de perro", "object": "Imagen de Mila"}}]	13	1
36	2025-12-17 02:35:23.032975+00	62	Chispa	2	[{"changed": {"fields": ["Descripcion"]}}, {"deleted": {"name": "Foto de perro", "object": "Imagen de Chispa"}}]	13	1
37	2025-12-17 02:35:30.734139+00	63	Kira	2	[{"changed": {"fields": ["Descripcion"]}}, {"deleted": {"name": "Foto de perro", "object": "Imagen de Kira"}}]	13	1
38	2025-12-17 02:35:34.973174+00	64	Terry	2	[{"changed": {"fields": ["Descripcion"]}}, {"deleted": {"name": "Foto de perro", "object": "Imagen de Terry"}}]	13	1
39	2025-12-17 02:35:40.161777+00	65	Bella	2	[{"changed": {"fields": ["Descripcion"]}}, {"deleted": {"name": "Foto de perro", "object": "Imagen de Bella"}}]	13	1
40	2025-12-17 02:35:45.266312+00	66	Bobby	2	[{"changed": {"fields": ["Descripcion"]}}, {"deleted": {"name": "Foto de perro", "object": "Imagen de Bobby"}}]	13	1
41	2025-12-17 02:35:50.421646+00	67	Maya	2	[{"changed": {"fields": ["Descripcion"]}}, {"deleted": {"name": "Foto de perro", "object": "Imagen de Maya"}}]	13	1
42	2025-12-17 02:35:56.078115+00	68	Kiara	2	[{"changed": {"fields": ["Descripcion"]}}, {"deleted": {"name": "Foto de perro", "object": "Imagen de Kiara"}}]	13	1
43	2025-12-17 02:36:03.655867+00	69	Max	2	[{"changed": {"fields": ["Descripcion"]}}, {"deleted": {"name": "Foto de perro", "object": "Imagen de Max"}}]	13	1
44	2025-12-17 02:36:12.91965+00	70	Nala	2	[{"changed": {"fields": ["Descripcion"]}}, {"deleted": {"name": "Foto de perro", "object": "Imagen de Nala"}}]	13	1
45	2025-12-17 02:36:16.987569+00	71	Nina	2	[{"changed": {"fields": ["Descripcion"]}}, {"deleted": {"name": "Foto de perro", "object": "Imagen de Nina"}}]	13	1
46	2025-12-17 02:36:21.516905+00	72	Kiara	2	[{"changed": {"fields": ["Descripcion"]}}, {"deleted": {"name": "Foto de perro", "object": "Imagen de Kiara"}}]	13	1
47	2025-12-17 02:38:24.912276+00	72	Kiara	2	[{"added": {"name": "Foto de perro", "object": "Imagen de Kiara"}}, {"added": {"name": "Foto de perro", "object": "Imagen de Kiara"}}]	13	1
48	2025-12-17 02:39:22.005489+00	71	Nina	2	[{"added": {"name": "Foto de perro", "object": "Imagen de Nina"}}, {"added": {"name": "Foto de perro", "object": "Imagen de Nina"}}]	13	1
49	2025-12-17 02:41:14.166638+00	70	Nala	2	[{"added": {"name": "Foto de perro", "object": "Imagen de Nala"}}, {"added": {"name": "Foto de perro", "object": "Imagen de Nala"}}]	13	1
50	2025-12-17 02:42:08.248098+00	68	Kiara	2	[{"added": {"name": "Foto de perro", "object": "Imagen de Kiara"}}, {"added": {"name": "Foto de perro", "object": "Imagen de Kiara"}}]	13	1
51	2025-12-17 02:42:39.188051+00	66	Bobby	2	[{"added": {"name": "Foto de perro", "object": "Imagen de Bobby"}}]	13	1
52	2025-12-17 02:43:51.905769+00	65	Bella	2	[{"added": {"name": "Foto de perro", "object": "Imagen de Bella"}}, {"added": {"name": "Foto de perro", "object": "Imagen de Bella"}}]	13	1
53	2025-12-17 02:45:53.558559+00	69	Max	2	[{"added": {"name": "Foto de perro", "object": "Imagen de Max"}}, {"added": {"name": "Foto de perro", "object": "Imagen de Max"}}]	13	1
54	2025-12-17 02:46:42.375674+00	68	Kiara	2	[{"changed": {"name": "Foto de perro", "object": "Imagen de Kiara", "fields": ["Archivo de imagen"]}}, {"deleted": {"name": "Foto de perro", "object": "Imagen de Kiara"}}]	13	1
55	2025-12-17 02:47:17.39551+00	67	Maya	2	[{"added": {"name": "Foto de perro", "object": "Imagen de Maya"}}, {"added": {"name": "Foto de perro", "object": "Imagen de Maya"}}]	13	1
56	2025-12-17 02:48:08.503668+00	66	Bobby	2	[{"deleted": {"name": "Foto de perro", "object": "Imagen de Bobby"}}]	13	1
57	2025-12-17 02:48:14.46186+00	65	Bella	2	[{"deleted": {"name": "Foto de perro", "object": "Imagen de Bella"}}, {"deleted": {"name": "Foto de perro", "object": "Imagen de Bella"}}]	13	1
58	2025-12-17 02:49:55.37161+00	57	Duke	2	[{"added": {"name": "Foto de perro", "object": "Imagen de Duke"}}, {"added": {"name": "Foto de perro", "object": "Imagen de Duke"}}, {"added": {"name": "Foto de perro", "object": "Imagen de Duke"}}]	13	1
59	2025-12-17 02:50:37.90316+00	58	Kira	2	[{"added": {"name": "Foto de perro", "object": "Imagen de Kira"}}, {"added": {"name": "Foto de perro", "object": "Imagen de Kira"}}]	13	1
60	2025-12-17 02:51:34.439055+00	59	Lucky	2	[{"added": {"name": "Foto de perro", "object": "Imagen de Lucky"}}, {"added": {"name": "Foto de perro", "object": "Imagen de Lucky"}}, {"added": {"name": "Foto de perro", "object": "Imagen de Lucky"}}]	13	1
61	2025-12-17 02:52:17.552798+00	60	Chispa	2	[{"added": {"name": "Foto de perro", "object": "Imagen de Chispa"}}]	13	1
62	2025-12-17 02:52:51.220626+00	61	Mila	2	[{"added": {"name": "Foto de perro", "object": "Imagen de Mila"}}]	13	1
63	2025-12-17 02:53:21.226893+00	62	Chispa	2	[{"added": {"name": "Foto de perro", "object": "Imagen de Chispa"}}]	13	1
64	2025-12-17 02:54:18.666078+00	63	Kira	2	[{"added": {"name": "Foto de perro", "object": "Imagen de Kira"}}, {"added": {"name": "Foto de perro", "object": "Imagen de Kira"}}]	13	1
65	2025-12-17 02:54:45.234248+00	64	Terry	2	[{"added": {"name": "Foto de perro", "object": "Imagen de Terry"}}]	13	1
66	2025-12-17 02:59:18.315027+00	65	Bella	2	[{"added": {"name": "Foto de perro", "object": "Imagen de Bella"}}, {"added": {"name": "Foto de perro", "object": "Imagen de Bella"}}]	13	1
67	2025-12-17 03:00:08.251452+00	66	Bobby	2	[{"added": {"name": "Foto de perro", "object": "Imagen de Bobby"}}, {"added": {"name": "Foto de perro", "object": "Imagen de Bobby"}}, {"added": {"name": "Foto de perro", "object": "Imagen de Bobby"}}]	13	1
68	2025-12-17 03:02:35.138754+00	67	Maya	2	[{"changed": {"name": "Foto de perro", "object": "Imagen de Maya", "fields": ["Archivo de imagen"]}}, {"changed": {"name": "Foto de perro", "object": "Imagen de Maya", "fields": ["Archivo de imagen"]}}]	13	1
69	2025-12-17 03:03:45.651854+00	68	Kiara	2	[{"added": {"name": "Foto de perro", "object": "Imagen de Kiara"}}, {"changed": {"name": "Foto de perro", "object": "Imagen de Kiara", "fields": ["Archivo de imagen"]}}]	13	1
70	2025-12-17 03:06:08.454036+00	69	Max	2	[{"deleted": {"name": "Foto de perro", "object": "Imagen de Max"}}, {"deleted": {"name": "Foto de perro", "object": "Imagen de Max"}}]	13	1
71	2025-12-17 03:06:14.118524+00	70	Nala	2	[{"deleted": {"name": "Foto de perro", "object": "Imagen de Nala"}}, {"deleted": {"name": "Foto de perro", "object": "Imagen de Nala"}}]	13	1
72	2025-12-17 03:06:19.301722+00	71	Nina	2	[{"deleted": {"name": "Foto de perro", "object": "Imagen de Nina"}}, {"deleted": {"name": "Foto de perro", "object": "Imagen de Nina"}}]	13	1
73	2025-12-17 03:06:24.783221+00	72	Kiara	2	[{"deleted": {"name": "Foto de perro", "object": "Imagen de Kiara"}}, {"deleted": {"name": "Foto de perro", "object": "Imagen de Kiara"}}]	13	1
74	2025-12-17 20:29:03.433401+00	72	Kiara.	2	[{"changed": {"fields": ["Nombre", "Comportamientos"]}}]	13	1
75	2025-12-17 20:29:21.768888+00	72	Kiara	2	[{"changed": {"fields": ["Nombre"]}}]	13	1
76	2025-12-17 20:43:15.727065+00	72	Kiara	2	[{"added": {"name": "Foto de perro", "object": "Imagen de Kiara"}}, {"added": {"name": "Foto de perro", "object": "Imagen de Kiara"}}]	13	1
77	2025-12-17 20:45:52.613904+00	71	Nina	2	[{"changed": {"fields": ["Comportamientos"]}}, {"added": {"name": "Foto de perro", "object": "Imagen de Nina"}}, {"added": {"name": "Foto de perro", "object": "Imagen de Nina"}}]	13	1
78	2025-12-17 20:46:53.15597+00	70	Nala	2	[{"changed": {"fields": ["Comportamientos"]}}, {"added": {"name": "Foto de perro", "object": "Imagen de Nala"}}, {"added": {"name": "Foto de perro", "object": "Imagen de Nala"}}]	13	1
79	2025-12-17 20:47:20.146295+00	69	Max	2	[{"changed": {"fields": ["Comportamientos"]}}, {"added": {"name": "Foto de perro", "object": "Imagen de Max"}}]	13	1
80	2025-12-17 21:35:49.259334+00	73	Coco	1	[{"added": {}}]	13	1
81	2025-12-17 21:36:12.282796+00	73	Coco	3		13	1
82	2025-12-18 03:23:33.335143+00	114	Molly	2	[]	13	1
83	2025-12-18 16:58:21.884247+00	115	Terry	2	[]	13	1
84	2025-12-18 16:59:00.15078+00	84	Kiara	2	[{"changed": {"name": "Foto de perro", "object": "Imagen de Kiara", "fields": ["Principal"]}}, {"changed": {"name": "Foto de perro", "object": "Imagen de Kiara", "fields": ["Principal"]}}]	13	1
85	2025-12-18 16:59:12.322094+00	99	Zeus	2	[]	13	1
86	2025-12-18 16:59:26.737931+00	97	Coco	2	[]	13	1
\.


--
-- Data for Name: django_content_type; Type: TABLE DATA; Schema: public; Owner: postgres
--

COPY public.django_content_type (id, app_label, model) FROM stdin;
1	admin	logentry
2	auth	permission
3	auth	group
4	auth	user
5	contenttypes	contenttype
6	sessions	session
7	django_q	schedule
8	django_q	task
9	django_q	failure
10	django_q	success
11	django_q	ormq
12	dogs_api	beheavior
13	dogs_api	dog
14	dogs_api	dogimage
15	vet_api	medical_record
\.


--
-- Data for Name: django_migrations; Type: TABLE DATA; Schema: public; Owner: postgres
--

COPY public.django_migrations (id, app, name, applied) FROM stdin;
1	contenttypes	0001_initial	2025-12-17 01:21:29.442712+00
2	auth	0001_initial	2025-12-17 01:21:29.470829+00
3	admin	0001_initial	2025-12-17 01:21:29.485178+00
4	admin	0002_logentry_remove_auto_add	2025-12-17 01:21:29.491421+00
5	admin	0003_logentry_add_action_flag_choices	2025-12-17 01:21:29.499631+00
6	contenttypes	0002_remove_content_type_name	2025-12-17 01:21:29.512759+00
7	auth	0002_alter_permission_name_max_length	2025-12-17 01:21:29.520619+00
8	auth	0003_alter_user_email_max_length	2025-12-17 01:21:29.527659+00
9	auth	0004_alter_user_username_opts	2025-12-17 01:21:29.53925+00
10	auth	0005_alter_user_last_login_null	2025-12-17 01:21:29.546815+00
11	auth	0006_require_contenttypes_0002	2025-12-17 01:21:29.548515+00
12	auth	0007_alter_validators_add_error_messages	2025-12-17 01:21:29.555934+00
13	auth	0008_alter_user_username_max_length	2025-12-17 01:21:29.571269+00
14	auth	0009_alter_user_last_name_max_length	2025-12-17 01:21:29.583628+00
15	auth	0010_alter_group_name_max_length	2025-12-17 01:21:29.591463+00
16	auth	0011_update_proxy_permissions	2025-12-17 01:21:29.59686+00
17	auth	0012_alter_user_first_name_max_length	2025-12-17 01:21:29.602858+00
18	django_q	0001_initial	2025-12-17 01:21:29.609149+00
19	django_q	0002_auto_20150630_1624	2025-12-17 01:21:29.612774+00
20	django_q	0003_auto_20150708_1326	2025-12-17 01:21:29.619989+00
21	django_q	0004_auto_20150710_1043	2025-12-17 01:21:29.622929+00
22	django_q	0005_auto_20150718_1506	2025-12-17 01:21:29.626718+00
23	django_q	0006_auto_20150805_1817	2025-12-17 01:21:29.630244+00
24	django_q	0007_ormq	2025-12-17 01:21:29.632943+00
25	django_q	0008_auto_20160224_1026	2025-12-17 01:21:29.63494+00
26	django_q	0009_auto_20171009_0915	2025-12-17 01:21:29.638409+00
27	django_q	0010_auto_20200610_0856	2025-12-17 01:21:29.643246+00
28	django_q	0011_auto_20200628_1055	2025-12-17 01:21:29.64653+00
29	django_q	0012_auto_20200702_1608	2025-12-17 01:21:29.648815+00
30	django_q	0013_task_attempt_count	2025-12-17 01:21:29.652444+00
31	django_q	0014_schedule_cluster	2025-12-17 01:21:29.655363+00
32	django_q	0015_alter_schedule_schedule_type	2025-12-17 01:21:29.65801+00
33	django_q	0016_schedule_intended_date_kwarg	2025-12-17 01:21:29.660505+00
34	django_q	0017_task_cluster_alter	2025-12-17 01:21:29.665427+00
35	django_q	0018_task_success_index	2025-12-17 01:21:29.668677+00
36	dogs_api	0001_initial	2025-12-17 01:21:29.685054+00
37	dogs_api	0002_alter_beheavior_options_alter_dog_adoption_state_and_more	2025-12-17 01:21:29.696567+00
38	dogs_api	0003_alter_dog_name	2025-12-17 01:21:29.69948+00
39	dogs_api	0004_rename_dog_image_dogimage_and_more	2025-12-17 01:21:29.716629+00
40	dogs_api	0005_alter_dog_name	2025-12-17 01:21:29.720395+00
41	dogs_api	0006_alter_beheavior_beheavior_description_and_more	2025-12-17 01:21:29.729786+00
42	dogs_api	0007_dog_section	2025-12-17 01:21:29.733762+00
43	dogs_api	0008_alter_dog_beheaviors_alter_dog_section_and_more	2025-12-17 01:21:29.744723+00
44	dogs_api	0009_beheavior_color	2025-12-17 01:21:29.748563+00
45	sessions	0001_initial	2025-12-17 01:21:29.753176+00
46	vet_api	0001_initial	2025-12-17 01:21:29.76007+00
47	vet_api	0002_alter_medical_record_diseases_and_more	2025-12-17 01:21:29.76642+00
48	vet_api	0003_remove_medical_record_weight	2025-12-17 01:21:29.770849+00
49	dogs_api	0010_dog_life_stage_alter_dog_age_month_and_more	2025-12-17 21:15:34.691032+00
50	dogs_api	0011_alter_dog_life_stage	2025-12-17 21:38:33.02947+00
51	dogs_api	0012_alter_dog_beheaviors_alter_dog_life_stage	2025-12-18 03:21:49.300011+00
\.


--
-- Data for Name: django_q_ormq; Type: TABLE DATA; Schema: public; Owner: postgres
--

COPY public.django_q_ormq (id, key, payload, lock) FROM stdin;
\.


--
-- Data for Name: django_q_schedule; Type: TABLE DATA; Schema: public; Owner: postgres
--

COPY public.django_q_schedule (id, func, hook, args, kwargs, schedule_type, repeats, next_run, task, name, minutes, cron, cluster, intended_date_kwarg) FROM stdin;
\.


--
-- Data for Name: django_q_task; Type: TABLE DATA; Schema: public; Owner: postgres
--

COPY public.django_q_task (name, func, hook, args, kwargs, result, started, stopped, success, id, "group", attempt_count, cluster) FROM stdin;
\.


--
-- Data for Name: django_session; Type: TABLE DATA; Schema: public; Owner: postgres
--

COPY public.django_session (session_key, session_data, expire_date) FROM stdin;
g3clylrqgnz0r2wjr207j9j070wlgd2w	.eJxVjLsOwjAMAP8lM4ocE7cpIzvfEOVhkwJqpKadEP-OInWA9e50b-XDvhW_N179nNVFGXX6ZTGkJy9d5EdY7lWnumzrHHVP9GGbvtXMr-vR_g1KaKVvgdgaGilPmRwlJB7QnsUCYUJEAhhGO0UOEJ0YABEGA9ZBZJYk6vMFrI03Kg:1vVxaS:TJo4A4DYCLU1De6ktoHoYCqoF_DzMGk2owAnF61dnac	2025-12-31 19:53:28.140369+00
2cdp2g9xkztfr583ekgbynz1ndtasgbk	.eJxVjLsOwjAMAP8lM4ocE7cpIzvfEOVhkwJqpKadEP-OInWA9e50b-XDvhW_N179nNVFGXX6ZTGkJy9d5EdY7lWnumzrHHVP9GGbvtXMr-vR_g1KaKVvgdgaGilPmRwlJB7QnsUCYUJEAhhGO0UOEJ0YABEGA9ZBZJYk6vMFrI03Kg:1vW4bq:dy9GnlWTs52t94-9WBs3gVjlB7gvOaK7nbp3j3MiMec	2026-01-01 03:23:22.53836+00
\.


--
-- Data for Name: fotos_perros; Type: TABLE DATA; Schema: public; Owner: postgres
--

COPY public.fotos_perros (id, image, is_primary, dog_id) FROM stdin;
55	image/upload/v1765938780/dog_images/dev/ms6rtmhb1qrlewkb0st8.jpg	t	55
96	image/upload/v1765938781/dog_images/dev/owxopagnjkonsrcptmun.jpg	f	55
97	image/upload/v1765938782/dog_images/dev/kcxcfjdr7hi6un2ody9e.jpg	f	55
135	image/upload/v1766004197/dog_images/dev/bff7p5vilxjsrzusbrv7.jpg	f	72
56	image/upload/v1765938833/dog_images/dev/goq6kotfgxcvmqj8h7bh.jpg	f	56
138	image/upload/v1766004412/dog_images/dev/rgkdn8wt4xeh7jxonxye.jpg	t	70
115	image/upload/v1765939795/dog_images/dev/krpgmpvkkucd15b95ipg.jpg	f	57
114	image/upload/v1765939794/dog_images/dev/zmsvvocyxdoplc4lacwh.jpg	f	57
116	image/upload/v1765939796/dog_images/dev/my0axpywzphdw6drpajo.jpg	t	57
120	image/upload/v1765939894/dog_images/dev/pfap0ntx8tmykh66dg53.jpg	f	59
119	image/upload/v1765939893/dog_images/dev/rlbkn61itbp6deal6hts.jpg	f	59
121	image/upload/v1765939895/dog_images/dev/dqiggyfso0hy05kkebse.jpg	t	59
123	image/upload/v1765939973/dog_images/dev/toekfpbmbf48zulwco1t.jpg	t	61
125	image/upload/v1765940058/dog_images/dev/xdvrndihqpxeqtbtwopr.jpg	f	63
126	image/upload/v1765940059/dog_images/dev/wkawmzynr8uyxhciru2t.jpg	t	63
128	image/upload/v1765940359/dog_images/dev/crifxzcsaoemc4gnafrz.jpg	f	65
129	image/upload/v1765940359/dog_images/dev/cnz5oybw6sxezv3uxs9i.jpg	t	65
133	image/upload/v1765940627/dog_images/dev/vwaoctxaeyqkstcuxflf.jpg	t	68
134	image/upload/v1766004197/dog_images/dev/wsweanwyxiryu52flzc0.jpg	t	72
139	image/upload/v1766004413/dog_images/dev/bttunv01twbltn304edp.jpg	f	70
37	image/upload/v1765937125/dog_images/dev/ugzctuhvkkgk2puejexy.jpg	t	37
38	image/upload/v1765937375/dog_images/dev/pf187vhnefr1lc7fagea.jpg	f	38
39	image/upload/v1765937437/dog_images/dev/dd3imwbwmmqbbftp5tmi.jpg	t	39
41	image/upload/v1765937666/dog_images/dev/bva1sfajicr6fha0azia.jpg	t	41
42	image/upload/v1765937816/dog_images/dev/ipvtne9zpfrifjllq6fs.jpg	t	42
43	image/upload/v1765937858/dog_images/dev/bbw4tr6udns0vamstorf.jpg	t	43
44	image/upload/v1765938021/dog_images/dev/mjphwwssu5t1rdhuwvdc.jpg	t	44
45	image/upload/v1765938090/dog_images/dev/yc47nvuduiphxazy2k8h.jpg	t	45
46	image/upload/v1765938156/dog_images/dev/wpgowbqwg2yfotrxjflz.jpg	t	46
47	image/upload/v1765938272/dog_images/dev/h72imkf0loqjohursg4u.jpg	t	47
48	image/upload/v1765938345/dog_images/dev/ztxnnyphvprbszslsfhf.jpg	t	48
49	image/upload/v1765938404/dog_images/dev/jhvvs3bnmopvx97gpndu.jpg	t	49
50	image/upload/v1765938460/dog_images/dev/h7v1yif8i0dtzvw5otsv.jpg	t	50
51	image/upload/v1765938558/dog_images/dev/puiz5lzsemzl7i1h1ej9.jpg	t	51
52	image/upload/v1765938621/dog_images/dev/q38nznaf90fk7xkhqjhz.jpg	t	52
53	image/upload/v1765938656/dog_images/dev/qhvw0wpgfkcacucojabs.jpg	t	53
54	image/upload/v1765938719/dog_images/dev/rzmef6qcpvyfxjibcxja.jpg	f	54
74	image/upload/v1765937377/dog_images/dev/evqvlflxzirghwec5sfu.jpg	f	38
75	image/upload/v1765937378/dog_images/dev/xw8iiqqdsljsdwz0ahsq.jpg	f	38
76	image/upload/v1765937380/dog_images/dev/k26brt5b7jlblsk9hpd1.jpg	f	38
73	image/upload/v1765937376/dog_images/dev/j2q3ova0xrxeqh2qcz3k.jpg	t	38
77	image/upload/v1765937519/dog_images/dev/c9s4kvuqm8n264m1qokj.jpg	t	40
78	image/upload/v1765937666/dog_images/dev/kgb6vwfhywexeegkbuo4.jpg	f	41
79	image/upload/v1765937667/dog_images/dev/schl05sjkuxeyiv5ntf5.jpg	f	41
80	image/upload/v1765937668/dog_images/dev/qrlx1j6fa6de1a86sa7b.jpg	f	41
81	image/upload/v1765937669/dog_images/dev/vhjh4cq4w7qhsodencds.jpg	f	41
82	image/upload/v1765938022/dog_images/dev/bgihewhezoriweimcgeo.jpg	f	44
83	image/upload/v1765938023/dog_images/dev/ncgitmufo7wq6hrjjchw.jpg	f	44
84	image/upload/v1765938092/dog_images/dev/dkmgqsn5czmrsofzsxby.jpg	f	45
85	image/upload/v1765938092/dog_images/dev/v20rne7kglwdefas4jum.jpg	f	45
86	image/upload/v1765938156/dog_images/dev/pqc7bavfurwfrsi9asq6.jpg	f	46
87	image/upload/v1765938272/dog_images/dev/cgomjcahih9r9djirsyo.jpg	f	47
88	image/upload/v1765938273/dog_images/dev/ga5umm59xqcxbcazqhwp.jpg	f	47
89	image/upload/v1765938274/dog_images/dev/lpi5ehiyspxxcpppwmlc.jpg	f	47
90	image/upload/v1765938346/dog_images/dev/heydwfdtaxxukaun2m1x.jpg	f	48
91	image/upload/v1765938347/dog_images/dev/vlmwakmjoavvcrdfoeib.jpg	f	48
92	image/upload/v1765938405/dog_images/dev/sk99s6iyhqv9gckmuknj.jpg	f	49
93	image/upload/v1765938460/dog_images/dev/m9yhc8c3dr34zicemloi.jpg	f	50
94	image/upload/v1765938559/dog_images/dev/fqwxymmde41leqw42ndr.jpg	f	51
95	image/upload/v1765938719/dog_images/dev/nerspiez2ql6fr4o9i6m.jpg	t	54
98	image/upload/v1765938834/dog_images/dev/cextmcp3wvgvd5ob1kog.jpg	t	56
117	image/upload/v1765939838/dog_images/dev/mlhevxw4gn6dqhwhbapb.jpg	f	58
118	image/upload/v1765939839/dog_images/dev/uew1zyvzvhme5ffcdlym.jpg	t	58
122	image/upload/v1765939939/dog_images/dev/gi59e6nisii1ycyfclbx.jpg	t	60
124	image/upload/v1765940003/dog_images/dev/m7tscnqrvgwtqlnqovzd.jpg	t	62
127	image/upload/v1765940085/dog_images/dev/xzh0nz4j1ocfv9axzknh.jpg	t	64
131	image/upload/v1765940407/dog_images/dev/xvc24u5e0gwcdtpvfy2k.jpg	f	66
130	image/upload/v1765940407/dog_images/dev/ikyf4qzeb6rzhdigwikw.jpg	f	66
132	image/upload/v1765940408/dog_images/dev/oauofkymfs6zihmkdlnc.jpg	t	66
112	image/upload/v1765940554/dog_images/dev/cfpzendrfuvuxyg2q6ix.jpg	f	67
113	image/upload/v1765940556/dog_images/dev/mgckiyftzx8i3wkobld4.jpg	t	67
105	image/upload/v1765940626/dog_images/dev/bllssjvus3higezwjkd7.jpg	f	68
136	image/upload/v1766004353/dog_images/dev/rnee1k2opsmn8zgf9kec.jpg	t	71
137	image/upload/v1766004354/dog_images/dev/nzycr8hqetfvs6vulkmh.jpg	f	71
140	image/upload/v1766004440/dog_images/dev/upcoy4m2fix1oqin4dw4.jpg	t	69
141	dog_images/dev/rystaceh6eee6e3xpjx3	t	74
142	dog_images/dev/b5lz7eqidimhcneeicjq	t	75
143	dog_images/dev/zwbsee55psp0mqtgw3ic	f	75
144	dog_images/dev/fq82frzep8znl5qpb2qw	t	76
145	dog_images/dev/d3wiid6g2kyhcey8bpyv	f	76
146	dog_images/dev/cjervapdspcynd6iiolo	f	76
147	dog_images/dev/mjia121r6mvu4gp1xfec	t	77
148	dog_images/dev/y3zrodr486f2bucv64il	f	77
149	dog_images/dev/quklzcgsqxbprgh0nhgp	f	77
150	dog_images/dev/jonokuuznl7xnyp9wps8	f	77
151	dog_images/dev/tawl0a2hfeltj9hshcu1	t	78
152	dog_images/dev/hbb9dcji5x8dvgwbtbgk	t	79
153	dog_images/dev/gr46cl8ty42y5ujjpsah	f	79
154	dog_images/dev/fcpfhgvuptvdlskwqa59	t	80
155	dog_images/dev/pvmv7qkfmks3zj3whvub	t	81
156	dog_images/dev/zlrlgyq5t7gfecfwtqg2	f	81
157	dog_images/dev/ojz2sq4ci8m1lssoii8u	f	81
158	dog_images/dev/cl95uzml5kytlzph0mtg	t	82
159	dog_images/dev/pc6xvp8wuha6iva14ept	f	82
160	dog_images/dev/afp7g5966nwpmlz5fmnp	t	83
161	dog_images/dev/t2rpepoxm6dtecwy9wvs	f	83
162	dog_images/dev/q0mcwpnaf5opgdbr1874	f	83
165	dog_images/dev/k5v12oqkqbcx19237rc9	t	85
166	dog_images/dev/igdizg6lkcstx9djaohl	f	85
167	dog_images/dev/hk6ge4u31thji3dpb2uz	f	85
168	dog_images/dev/ws9r2luoly7fenq6dyyb	t	86
169	dog_images/dev/v6nes9o2szmalskbaosd	t	87
170	dog_images/dev/ssoklfj0ixfdqpc7uojy	t	88
171	dog_images/dev/icjggy8ll8bheeeqxxgc	f	88
172	dog_images/dev/ufdbij5jbjx133ma8q4w	t	89
173	dog_images/dev/yabjawavwu7l25nfbyd7	f	89
174	dog_images/dev/sutssuckty8tgvnsacfk	t	90
175	dog_images/dev/pb5gxm8dyl25szb1a9gd	t	91
176	dog_images/dev/nlbzgtzlgzjzdmmzf8yw	f	91
177	dog_images/dev/qjc2ehdoxzbyt5aooi2z	t	92
178	dog_images/dev/vpbv2y5lrnudmr0beqp2	f	92
179	dog_images/dev/rywahcfzmo8xl6ew72au	t	93
180	dog_images/dev/oqpygdzplfjgmws2ovd6	f	93
181	dog_images/dev/chknk6gxtlnxwxkuobqt	f	93
182	dog_images/dev/pcnrr2cm93ik4hkste58	t	94
183	dog_images/dev/vsfujjtkupqhbbpt4dbd	t	95
184	dog_images/dev/rsbb3ort5mw5plfplz76	f	95
185	dog_images/dev/jpxrwqdy41528xqfoul0	t	96
186	dog_images/dev/ijpal6ugtlqcgkuyxloa	f	96
187	dog_images/dev/cavcd90nxbw3mkt4bbpx	t	97
188	dog_images/dev/anh4swor1bcihvupthec	f	97
189	dog_images/dev/zhl0j9gxffgbdhv3tlky	t	98
190	dog_images/dev/tljtvom2g673fgwsg9in	f	98
191	dog_images/dev/cqnxitghbxniuqk5pccy	t	99
192	dog_images/dev/dh0p9gd1hxez0r851q64	t	100
193	dog_images/dev/pqdugjwfdzeqlx2bimtl	t	101
194	dog_images/dev/owaetwxmkdzunlrygl08	f	101
195	dog_images/dev/xnusremno7otmu2uzoxn	f	101
196	dog_images/dev/evnsbixvdulj6ct8dd6x	t	102
197	dog_images/dev/pk8ebarisenrwnmegs2z	t	103
198	dog_images/dev/lnjmkeqflfhyr3oxskan	f	103
199	dog_images/dev/w7xyjiylgzlexnstksrh	t	104
200	dog_images/dev/kd0kivefqpwnszhfymaz	f	104
201	dog_images/dev/cpt5pbe3zkmkm0mnanbb	t	105
202	dog_images/dev/zyhm9wbt3htbe1mwbhb3	f	105
203	dog_images/dev/aere5nqmdrcrv2iok3b6	t	106
204	dog_images/dev/apxcx34cuu16gqyg3xnm	t	107
205	dog_images/dev/ezrrt330pann0ii4mbef	f	107
206	dog_images/dev/jd05mrh3k29yrcj63en3	t	108
207	dog_images/dev/tbtb1jcocntdcqpivu3p	t	109
208	dog_images/dev/dqx8z6qfkqji7zjsgd0u	f	109
209	dog_images/dev/k0u8wzcwr9yqib4uliog	t	110
210	dog_images/dev/vjuovakznns1mptnj8f7	t	111
211	dog_images/dev/qdbvyxl5jcxa7a4gcv4s	t	112
212	dog_images/dev/rop6qst6wz6hbveoen1u	t	113
213	dog_images/dev/y2wgtc9uhkkmtnpe68cg	t	114
214	dog_images/dev/bnga045fomfdxcs6v7yr	f	114
215	dog_images/dev/deubynyjw3mobuuqpgz3	t	115
163	image/upload/dog_images/dev/xhfv0tjqqawc4wym8mvi	f	84
164	image/upload/dog_images/dev/psyyhvaw0ghzyshphcsb	t	84
216	dog_images/dev/xmymgwpm2ujpgybxpn2c	t	116
217	dog_images/dev/vl3rgql3atxzqxqxz6mk	t	117
218	dog_images/dev/i6xx6eujz4jydgymd50k	t	118
219	dog_images/dev/exatrggjlcupdzpuqk5y	t	119
220	dog_images/dev/pdu0wew3mrfnmu3buolo	t	120
221	dog_images/dev/rk6tq6riifghe0furfh6	t	121
222	dog_images/dev/odypiuombgo1axirgypt	t	122
223	dog_images/dev/rmhpqddkswfahij8mlgx	t	123
224	dog_images/dev/wbljrmegsvpxbylkf3ut	t	124
225	dog_images/dev/ohxmhv8odc7cyij7sazf	t	125
226	dog_images/dev/u7xomrt8miioianebny4	t	126
227	dog_images/dev/lvxenjlnjrakhgoquzvu	t	127
228	dog_images/dev/efa4w7zziaznmxlesx2l	t	128
229	dog_images/dev/srlbdrc9n21nbhprwfwf	t	129
230	dog_images/dev/sqroguwdhgbnaonuu8oe	t	130
231	dog_images/dev/i5qi3ei3hotmis2oecsb	t	131
232	dog_images/dev/i1ry5dqrfhwqdtmdsvun	t	132
233	dog_images/dev/er9cutlmdyn1pn1exofm	t	133
234	dog_images/dev/lmhom9t8nyvltdsxjdes	t	134
235	dog_images/dev/pqyxqws1rajg8zzpcb7g	t	135
236	dog_images/dev/h1fyzahf1jypdwsxcrvc	t	136
237	dog_images/dev/bkoyc4pdibcmhzkr5oe0	t	137
238	dog_images/dev/xb21wgf0thaj7elxx1fg	t	138
239	dog_images/dev/pacicgoe0qlm0t7lgsyv	t	139
240	dog_images/dev/waca9nbd1d2piug2iy2g	t	140
241	dog_images/dev/sxxtgjjbm8svsgxib2pr	t	141
242	dog_images/dev/lzh9spqmfbzk8j5dpghs	t	142
243	dog_images/dev/f2c6gdt8imnhs5w4aflq	t	143
244	dog_images/dev/tybbv1bgqqko7mthco6w	t	144
245	dog_images/dev/chyn7nlteerdgcp5mlio	t	145
246	dog_images/dev/jlo79nlxcwswhrtex6t6	t	146
247	dog_images/dev/urisbcyqurww516hugxk	t	147
248	dog_images/dev/ehbbsj6ribkvrxd5lwbi	t	148
249	dog_images/dev/erpakiwticzi7kxen9zm	t	149
250	dog_images/dev/oosiigqr04n3c67jzndq	t	150
251	dog_images/dev/tmzgq0ulpdlirxhwxjsd	t	151
252	dog_images/dev/wu1nuwfqe6pikcfuhwgl	t	152
253	dog_images/dev/irbtftlfi3l3tpmjukdn	t	153
254	dog_images/dev/wand94amzbeay4qsyput	t	154
255	dog_images/dev/psiqdhmbxrfeev1osbn6	t	155
256	dog_images/dev/lhufkkjfogoagwzi9yyv	t	156
257	dog_images/dev/iay7zz0gbfm1mb8d4x3r	t	157
258	dog_images/dev/ztgq0eo5qzb4wgzig0mv	t	158
259	dog_images/dev/an48j45zatbfndtcegkf	t	159
260	dog_images/dev/jsi7ww7hzejpbcsgydcv	t	160
261	dog_images/dev/ckx1oxvzc02exrjbe21c	t	161
262	dog_images/dev/deuv65jjgyqrmzq5rskl	t	162
263	dog_images/dev/qjvfajyrqits1xefngj9	t	163
264	dog_images/dev/eureqcwwfcsbingxcqfg	t	164
265	dog_images/dev/n5ilrkrr5jaqfcrvxhzz	t	165
266	dog_images/dev/rcmxbmff42jshnbgjlwn	t	166
267	dog_images/dev/mjavgefk61bmc1widwub	t	167
268	dog_images/dev/ax9vwawoch6ondksptvv	t	168
269	dog_images/dev/rprgxs8oabneavo0egsv	t	169
270	dog_images/dev/dcdqnokhcxhfdd5umfwn	t	170
271	dog_images/dev/n4xbdvellbxij1b9xlvp	t	171
272	dog_images/dev/hqun15339n6ws3vpuwqd	t	172
273	dog_images/dev/glknpdhbsqq0mspgmnek	t	173
274	dog_images/dev/dx9nxyi9wck4r1gacotq	t	174
275	dog_images/dev/mbim4t3lcqnrro3mbc8a	t	175
276	dog_images/dev/yhxhmmjzigd2gwhlwyaz	t	176
277	dog_images/dev/uk2sxz8xzncuwkpqxtam	t	177
278	dog_images/dev/iz4jtupllxnfcrwwwr8g	t	178
279	dog_images/dev/rjsaeyshu7uwcuxddifc	t	179
280	dog_images/dev/hg9rz7v7gt9yp6dvjaxx	t	180
281	dog_images/dev/c6a8l4dm5yb6kknonrfw	t	181
282	dog_images/dev/bpqv8npysldudbksw1r6	t	182
283	dog_images/dev/gedm3dzwxxyxu7qubzgy	t	183
284	dog_images/dev/u3azj3waru1iwq5wwv52	t	184
285	dog_images/dev/z5hcvntiawdbmjpyxuhn	t	185
286	dog_images/dev/iluiiyx6rdlbyr3pjlt5	t	186
287	dog_images/dev/i1lcxwdkrwmirievcqiv	t	187
288	dog_images/dev/yekocfbawp0bpjnwrteu	t	188
289	dog_images/dev/t1qhzue2aws2ytwfxxpa	t	189
290	dog_images/dev/atwbiuya9hwvroy4ehtt	t	190
291	dog_images/dev/ubfvifavqrqk0ysuqm72	t	191
292	dog_images/dev/gy174zsauiqpkmzvgkev	t	192
293	dog_images/dev/zpc9gbsi9gmdhnte2zdv	t	193
294	dog_images/dev/ia74tdfh8o2tbr8gsdrx	t	194
295	dog_images/dev/smsqbvpif2ogjdmr714r	t	195
296	dog_images/dev/imppshg422nm5qabh1wx	t	196
297	dog_images/dev/nxvvvvoreqy1c1djaupb	t	197
298	dog_images/dev/ubchqo0xad6ffcszo8j4	t	198
299	dog_images/dev/wuilts5hufefgnoox7fy	t	199
300	dog_images/dev/rewrmlpc3peihzjpga2y	t	200
301	dog_images/dev/j1rrgn76ann8kx0n3xj2	t	201
302	dog_images/dev/vql90sysnfa6cxfzvssz	t	202
303	dog_images/dev/f7joyukjrxwunzbs1488	t	203
304	dog_images/dev/wae79orj8xemno4kxam5	t	204
305	dog_images/dev/ttustfn9chufoiv5apri	t	205
\.


--
-- Data for Name: perros; Type: TABLE DATA; Schema: public; Owner: postgres
--

COPY public.perros (id, name, age_year, age_month, genre, adoption_state, size, arrive_date, description, section, life_stage) FROM stdin;
51	Sasha	4	0	H	f	M	2025-12-16		4	ADULTO
52	Rocky	4	0	M	f	M	2025-12-16		4	ADULTO
53	Sasha	4	0	H	f	M	2025-12-16		4	ADULTO
54	Nala	4	0	H	f	M	2025-12-16		4	ADULTO
55	Toby	4	0	M	f	M	2025-12-16		4	ADULTO
56	Chispa	1	0	M	f	S	2025-12-16		4	JOVEN
57	Duke	4	0	M	f	S	2025-12-16		4	ADULTO
58	Kira	4	0	H	f	M	2025-12-16		4	ADULTO
59	Lucky	4	0	H	f	L	2025-12-16		4	ADULTO
60	Chispa	8	0	M	f	M	2025-12-16		4	ADULTO_MAYOR
61	Mila	4	0	H	f	L	2025-12-16		4	ADULTO
62	Chispa	4	0	H	f	M	2025-12-16		4	ADULTO
63	Kira	4	0	H	f	M	2025-12-16		4	ADULTO
64	Terry	4	0	M	f	M	2025-12-16		4	ADULTO
65	Bella	4	0	H	f	M	2025-12-16		4	ADULTO
37	Nala	4	0	H	f	L	2025-12-16		4	ADULTO
38	Milo	4	0	M	f	L	2025-12-16		4	ADULTO
39	Nina	4	0	H	f	M	2025-12-16		4	ADULTO
66	Bobby	4	0	M	f	M	2025-12-16		4	ADULTO
40	Toby	4	0	M	f	M	2025-12-16		4	ADULTO
41	Terry	1	0	M	f	M	2025-12-16		4	JOVEN
42	Molly	8	0	H	f	L	2025-12-16		4	ADULTO_MAYOR
43	Nina	4	0	H	f	L	2025-12-16		4	ADULTO
44	Luna	1	0	H	f	M	2025-12-16		4	JOVEN
45	Chispa	4	0	H	f	M	2025-12-16		4	ADULTO
46	Luna	1	0	H	f	M	2025-12-16		4	JOVEN
47	Sasha	4	0	H	f	M	2025-12-16		4	ADULTO
48	Canela	4	0	H	f	M	2025-12-16	Perro disponible para adopci╬ô├Â┬ú╬ô├Â├®n en la secci╬ô├Â┬ú╬ô├Â├®n 4.	4	ADULTO
49	Dulce	4	0	H	f	L	2025-12-16		4	ADULTO
50	Terry	4	0	H	f	M	2025-12-16		4	ADULTO
67	Maya	1	0	H	f	M	2025-12-16		4	JOVEN
68	Kiara	1	0	H	f	M	2025-12-16		4	JOVEN
72	Kiara	8	0	H	f	S	2025-12-16		4	ADULTO_MAYOR
71	Nina	1	0	H	f	S	2025-12-16		4	JOVEN
70	Nala	4	0	H	f	M	2025-12-16		4	ADULTO
69	Max	4	0	M	f	M	2025-12-16		4	ADULTO
74	Toby	0	0	M	f	M	2025-12-18	nan	4	ADULTO
75	Chester	0	0	M	f	M	2025-12-18	nan	4	JOVEN
76	Max	0	0	M	f	M	2025-12-18	nan	4	JOVEN
77	Lola	0	0	H	f	M	2025-12-18	nan	4	ADULTO
78	Kiara	0	0	H	f	L	2025-12-18	nan	4	ADULTO
79	Coco	0	0	H	f	L	2025-12-18	nan	4	ADULTO
80	Luna	0	0	H	f	L	2025-12-18	nan	4	ADULTO
81	Molly	0	0	H	f	L	2025-12-18	nan	4	ADULTO
82	Terry	0	0	H	f	L	2025-12-18	nan	4	ADULTO
83	Terry	0	0	M	f	M	2025-12-18	nan	4	ADULTO
85	Rex	0	0	M	f	L	2025-12-18	nan	4	ADULTO
86	Rex	0	0	M	f	L	2025-12-18	nan	4	ADULTO_MAYOR
87	Lola	0	0	H	f	L	2025-12-18	nan	4	JOVEN
88	Nina	0	0	H	f	L	2025-12-18	nan	4	JOVEN
89	Simba	0	0	M	f	M	2025-12-18	nan	4	JOVEN
90	Bruno	0	0	M	f	M	2025-12-18	nan	4	ADULTO
91	Lucky	0	0	H	f	S	2025-12-18	nan	4	JOVEN
92	Maya	0	0	H	f	M	2025-12-18	nan	4	ADULTO
93	Kira	0	0	H	f	L	2025-12-18	poco pelo	4	ADULTO
94	Lucky	0	0	M	f	S	2025-12-18	nan	4	ADULTO
95	Duke	0	0	M	f	L	2025-12-18	nan	4	ADULTO
96	Sasha	0	0	H	f	L	2025-12-18	nan	4	ADULTO
98	Canela	0	0	H	f	L	2025-12-18	nan	4	ADULTO
100	Chispa	0	0	H	f	L	2025-12-18	nan	4	ADULTO
101	Max	0	0	M	f	L	2025-12-18	nan	4	ADULTO_MAYOR
102	Mila	0	0	H	f	M	2025-12-18	nan	4	ADULTO
103	Akira	0	0	H	f	M	2025-12-18	nan	4	ADULTO
104	Sasha	0	0	H	f	M	2025-12-18	nan	4	ADULTO_MAYOR
105	Greta	0	0	H	f	M	2025-12-18	nan	4	ADULTO_MAYOR
106	Kira	0	0	H	f	S	2025-12-18	nan	4	ADULTO
107	Kiara	0	0	H	f	M	2025-12-18	nan	4	ADULTO_MAYOR
108	Kiara	0	0	H	f	L	2025-12-18	nan	4	ADULTO
109	Canela	0	0	H	f	L	2025-12-18	RecuperaciÔö£Ôöén Sarna	4	ADULTO
110	Rocco	0	0	M	f	M	2025-12-18	nan	4	ADULTO
111	Chispa	0	0	H	f	S	2025-12-18	nan	4	ADULTO
112	Kiara	0	0	H	f	L	2025-12-18	nan	4	ADULTO
113	Canela	0	0	H	f	L	2025-12-18	nan	4	ADULTO
114	Molly	0	0	H	f	L	2025-12-18	nan	4	ADULTO_MAYOR
115	Terry	0	0	H	f	L	2025-12-18	nan	4	ADULTO
84	Kiara	0	0	H	f	L	2025-12-18	nan	4	ADULTO_MAYOR
99	Zeus	0	0	M	f	L	2025-12-18	nan	4	ADULTO
97	Coco	0	0	H	f	M	2025-12-18	nan	4	ADULTO_MAYOR
116	Toby	0	0	M	f	M	2025-12-20	Ninguna	1	JOVEN
117	Dulce	0	0	H	f	M	2025-12-20	Ninguna	1	JOVEN
118	Canela	0	0	H	f	M	2025-12-20	Ninguna	1	ADULTO
119	Mila	0	0	H	f	L	2025-12-20	Ninguna	1	JOVEN
120	Terry	0	0	H	f	S	2025-12-20	Ninguna	1	JOVEN
121	Sasha	0	0	H	f	L	2025-12-20	Ninguna	1	JOVEN
122	Canela	0	0	H	f	L	2025-12-20	Ninguna	1	ADULTO
123	Bella	0	0	H	f	M	2025-12-20	Ninguna	1	JOVEN
124	Rocco	0	0	M	f	M	2025-12-20		1	JOVEN
125	Jack	0	0	M	f	L	2025-12-20	Ninguna	1	ADULTO
126	Luna	0	0	H	f	L	2025-12-20	Ninguna	1	ADULTO
127	Coco	0	0	H	f	L	2025-12-20	Ninguna	1	ADULTO
128	Lola	0	0	H	f	L	2025-12-20	Ninguna	1	ADULTO
129	Bella	0	0	H	f	L	2025-12-20	Ninguna	1	ADULTO
130	Toby	0	0	M	f	L	2025-12-20	Ninguna	1	ADULTO
131	Coco	0	0	M	f	L	2025-12-20	Ninguna	1	ADULTO
132	Chispa	0	0	H	f	L	2025-12-20	Ninguna	1	ADULTO
133	Bobby	0	0	M	f	L	2025-12-20	Ninguna	1	ADULTO
134	Toby	0	0	M	f	L	2025-12-20	Ninguna	1	ADULTO
135	Rex	0	0	M	f	L	2025-12-20	Ciego	1	ADULTO
136	Daisy	0	0	H	f	L	2025-12-20	Ninguna	1	ADULTO
137	Dulce	0	0	H	f	L	2025-12-20	Ninguna	1	ADULTO
138	Terry	0	0	H	f	L	2025-12-20	Ninguna	1	ADULTO
139	Bruno	0	0	M	f	L	2025-12-20	Ninguna	1	ADULTO
140	Bella	0	0	H	f	L	2025-12-20	Ninguna	1	ADULTO
141	Dulce	0	0	H	f	L	2025-12-20	Ninguna	1	ADULTO
142	Zeus	0	0	M	f	L	2025-12-20	Ninguna	1	ADULTO
143	Chispa	0	0	H	f	L	2025-12-20	Ninguna	1	ADULTO
144	Jack	0	0	M	f	L	2025-12-20	Ninguna	1	ADULTO
145	Greta	0	0	H	f	L	2025-12-20	Ninguna	1	ADULTO
146	Nina	0	0	H	f	S	2025-12-20	Secuela de moquillo	1	ADULTO
147	Bobby	0	0	M	f	S	2025-12-20	Ninguna	1	ADULTO
148	Rocky	0	0	M	f	S	2025-12-20	Ninguna	1	ADULTO
149	Thor	0	0	M	f	S	2025-12-20	Ninguna	1	ADULTO
150	Rocky	0	0	M	f	L	2025-12-20	Secuela de moquillo	1	ADULTO
151	Coco	0	0	M	f	L	2025-12-20	Ninguna	1	ADULTO
152	Rocky	0	0	M	f	L	2025-12-20	Ninguna	1	ADULTO
153	Chispa	0	0	M	f	L	2025-12-20	Pensi├│n	1	ADULTO
154	Bruno	0	0	M	f	L	2025-12-20	Pensi├│n	1	ADULTO
155	Nala	0	0	H	f	M	2025-12-20	Ninguna	1	ADULTO
156	Kira	0	0	H	f	L	2025-12-20	Ninguna	1	ADULTO
157	Nina	0	0	H	f	M	2025-12-20	Ninguna	1	ADULTO
158	Chispa	0	0	H	f	M	2025-12-20	Ninguna	1	JOVEN
159	Greta	0	0	H	f	L	2025-12-20	Ninguna	1	ADULTO
160	Duke	0	0	M	f	S	2025-12-20	Ninguna	1	JOVEN
161	Milo	0	0	M	f	S	2025-12-20	Ninguna	1	JOVEN
162	Bobby	0	0	M	f	S	2025-12-20	Ninguna	1	JOVEN
163	Lucky	0	0	M	f	M	2025-12-20	Ninguna	1	JOVEN
164	Duke	0	0	M	f	M	2025-12-20	Ninguna	1	JOVEN
165	Milo	0	0	M	f	L	2025-12-20	Ninguna	1	ADULTO
166	Nina	0	0	H	f	L	2025-12-20	Ninguna	1	ADULTO
167	Milo	0	0	M	f	L	2025-12-20	Ninguna	1	JOVEN
168	Nala	0	0	H	f	L	2025-12-20	Ninguna	1	JOVEN
169	Bruno	0	0	M	f	L	2025-12-20	Ninguna	1	JOVEN
170	Maya	0	0	H	f	L	2025-12-20	Ninguna	1	JOVEN
171	Bobby	0	0	M	f	L	2025-12-20	Ninguna	1	ADULTO
172	Rocky	0	0	M	f	M	2025-12-20	Ninguna	1	ADULTO_MAYOR
173	Dulce	0	0	H	f	M	2025-12-20	Ninguna	1	JOVEN
174	Toby	0	0	M	f	L	2025-12-20	Ninguna	1	ADULTO
175	Tommy	0	0	M	f	L	2025-12-20	Ninguna	1	ADULTO
176	Max	0	0	M	f	L	2025-12-20	Ninguna	1	ADULTO
177	Bruno	0	0	M	f	L	2025-12-20	Ninguna	1	ADULTO
178	Kiara	0	0	H	f	L	2025-12-20	Ninguna	1	ADULTO
179	Bruno	0	0	M	f	L	2025-12-20	Ninguna	1	ADULTO
180	Maya	0	0	H	f	L	2025-12-20	Ninguna	1	ADULTO
181	Bella	0	0	H	f	L	2025-12-20	Ninguna	1	ADULTO
182	Luna	0	0	H	f	M	2025-12-20	Ninguna	1	ADULTO
183	Jack	0	0	M	f	M	2025-12-20	Ninguna	1	ADULTO
184	Zeus	0	0	M	f	M	2025-12-20	Ninguna	1	ADULTO
185	Toby	0	0	M	f	L	2025-12-20	Ninguna	1	ADULTO
186	Chester	0	0	M	f	S	2025-12-20	Ninguna	1	ADULTO
187	Maya	0	0	H	f	M	2025-12-20	Ninguna	1	JOVEN
188	Nina	0	0	H	f	M	2025-12-20	Ninguna	1	ADULTO
189	Luna	0	0	H	f	L	2025-12-20	Ninguna	1	ADULTO
190	Terry	0	0	M	f	L	2025-12-20	Ninguna	1	ADULTO
191	Chispa	0	0	M	f	L	2025-12-20	Ninguna	1	ADULTO
192	Kiara	0	0	H	f	L	2025-12-20	Ninguna	1	ADULTO
193	Thor	0	0	M	f	L	2025-12-20	Ninguna	1	ADULTO
194	Daisy	0	0	H	f	L	2025-12-20	Ninguna	1	ADULTO
195	Kiara	0	0	H	f	M	2025-12-20	Ninguna	1	ADULTO
196	Nala	0	0	H	f	M	2025-12-20	Ninguna	1	JOVEN
197	Lucky	0	0	H	f	M	2025-12-20	Ninguna	1	JOVEN
198	Rocky	0	0	M	f	M	2025-12-20	Ninguna	1	JOVEN
199	Lola	0	0	H	f	M	2025-12-20	Ninguna	1	JOVEN
200	Nala	0	0	H	f	M	2025-12-20	Pensi├│n	1	ADULTO_MAYOR
201	Kiara	0	0	H	f	L	2025-12-20	Ninguna	1	ADULTO_MAYOR
202	Kira	0	0	H	f	L	2025-12-20	Ninguna	1	JOVEN
203	Terry	0	0	H	f	L	2025-12-20	Ninguna	1	JOVEN
204	Rocco	0	0	M	f	L	2025-12-20	Ninguna	1	JOVEN
205	Sasha	0	0	H	f	L	2025-12-20	Ninguna	1	JOVEN
\.


--
-- Data for Name: perros_beheaviors; Type: TABLE DATA; Schema: public; Owner: postgres
--

COPY public.perros_beheaviors (id, dog_id, beheavior_id) FROM stdin;
1	72	1
2	71	1
3	70	1
4	69	1
\.


--
-- Data for Name: vet_api_medical_record; Type: TABLE DATA; Schema: public; Owner: postgres
--

COPY public.vet_api_medical_record (dog_id, last_update_date, vaccined, sterilized, dewormed, diseases, report, next_dose) FROM stdin;
\.


--
-- Name: auth_group_id_seq; Type: SEQUENCE SET; Schema: public; Owner: postgres
--

SELECT pg_catalog.setval('public.auth_group_id_seq', 1, false);


--
-- Name: auth_group_permissions_id_seq; Type: SEQUENCE SET; Schema: public; Owner: postgres
--

SELECT pg_catalog.setval('public.auth_group_permissions_id_seq', 1, false);


--
-- Name: auth_permission_id_seq; Type: SEQUENCE SET; Schema: public; Owner: postgres
--

SELECT pg_catalog.setval('public.auth_permission_id_seq', 60, true);


--
-- Name: auth_user_groups_id_seq; Type: SEQUENCE SET; Schema: public; Owner: postgres
--

SELECT pg_catalog.setval('public.auth_user_groups_id_seq', 1, false);


--
-- Name: auth_user_id_seq; Type: SEQUENCE SET; Schema: public; Owner: postgres
--

SELECT pg_catalog.setval('public.auth_user_id_seq', 1, true);


--
-- Name: auth_user_user_permissions_id_seq; Type: SEQUENCE SET; Schema: public; Owner: postgres
--

SELECT pg_catalog.setval('public.auth_user_user_permissions_id_seq', 1, false);


--
-- Name: django_admin_log_id_seq; Type: SEQUENCE SET; Schema: public; Owner: postgres
--

SELECT pg_catalog.setval('public.django_admin_log_id_seq', 86, true);


--
-- Name: django_content_type_id_seq; Type: SEQUENCE SET; Schema: public; Owner: postgres
--

SELECT pg_catalog.setval('public.django_content_type_id_seq', 15, true);


--
-- Name: django_migrations_id_seq; Type: SEQUENCE SET; Schema: public; Owner: postgres
--

SELECT pg_catalog.setval('public.django_migrations_id_seq', 51, true);


--
-- Name: django_q_ormq_id_seq; Type: SEQUENCE SET; Schema: public; Owner: postgres
--

SELECT pg_catalog.setval('public.django_q_ormq_id_seq', 1, false);


--
-- Name: django_q_schedule_id_seq; Type: SEQUENCE SET; Schema: public; Owner: postgres
--

SELECT pg_catalog.setval('public.django_q_schedule_id_seq', 1, false);


--
-- Name: dogs_api_beheavior_id_seq; Type: SEQUENCE SET; Schema: public; Owner: postgres
--

SELECT pg_catalog.setval('public.dogs_api_beheavior_id_seq', 1, true);


--
-- Name: fotos_perros_id_seq; Type: SEQUENCE SET; Schema: public; Owner: postgres
--

SELECT pg_catalog.setval('public.fotos_perros_id_seq', 305, true);


--
-- Name: perros_beheaviors_id_seq; Type: SEQUENCE SET; Schema: public; Owner: postgres
--

SELECT pg_catalog.setval('public.perros_beheaviors_id_seq', 5, true);


--
-- Name: perros_id_seq; Type: SEQUENCE SET; Schema: public; Owner: postgres
--

SELECT pg_catalog.setval('public.perros_id_seq', 205, true);


--
-- Name: auth_group auth_group_name_key; Type: CONSTRAINT; Schema: public; Owner: postgres
--

ALTER TABLE ONLY public.auth_group
    ADD CONSTRAINT auth_group_name_key UNIQUE (name);


--
-- Name: auth_group_permissions auth_group_permissions_group_id_permission_id_0cd325b0_uniq; Type: CONSTRAINT; Schema: public; Owner: postgres
--

ALTER TABLE ONLY public.auth_group_permissions
    ADD CONSTRAINT auth_group_permissions_group_id_permission_id_0cd325b0_uniq UNIQUE (group_id, permission_id);


--
-- Name: auth_group_permissions auth_group_permissions_pkey; Type: CONSTRAINT; Schema: public; Owner: postgres
--

ALTER TABLE ONLY public.auth_group_permissions
    ADD CONSTRAINT auth_group_permissions_pkey PRIMARY KEY (id);


--
-- Name: auth_group auth_group_pkey; Type: CONSTRAINT; Schema: public; Owner: postgres
--

ALTER TABLE ONLY public.auth_group
    ADD CONSTRAINT auth_group_pkey PRIMARY KEY (id);


--
-- Name: auth_permission auth_permission_content_type_id_codename_01ab375a_uniq; Type: CONSTRAINT; Schema: public; Owner: postgres
--

ALTER TABLE ONLY public.auth_permission
    ADD CONSTRAINT auth_permission_content_type_id_codename_01ab375a_uniq UNIQUE (content_type_id, codename);


--
-- Name: auth_permission auth_permission_pkey; Type: CONSTRAINT; Schema: public; Owner: postgres
--

ALTER TABLE ONLY public.auth_permission
    ADD CONSTRAINT auth_permission_pkey PRIMARY KEY (id);


--
-- Name: auth_user_groups auth_user_groups_pkey; Type: CONSTRAINT; Schema: public; Owner: postgres
--

ALTER TABLE ONLY public.auth_user_groups
    ADD CONSTRAINT auth_user_groups_pkey PRIMARY KEY (id);


--
-- Name: auth_user_groups auth_user_groups_user_id_group_id_94350c0c_uniq; Type: CONSTRAINT; Schema: public; Owner: postgres
--

ALTER TABLE ONLY public.auth_user_groups
    ADD CONSTRAINT auth_user_groups_user_id_group_id_94350c0c_uniq UNIQUE (user_id, group_id);


--
-- Name: auth_user auth_user_pkey; Type: CONSTRAINT; Schema: public; Owner: postgres
--

ALTER TABLE ONLY public.auth_user
    ADD CONSTRAINT auth_user_pkey PRIMARY KEY (id);


--
-- Name: auth_user_user_permissions auth_user_user_permissions_pkey; Type: CONSTRAINT; Schema: public; Owner: postgres
--

ALTER TABLE ONLY public.auth_user_user_permissions
    ADD CONSTRAINT auth_user_user_permissions_pkey PRIMARY KEY (id);


--
-- Name: auth_user_user_permissions auth_user_user_permissions_user_id_permission_id_14a6b632_uniq; Type: CONSTRAINT; Schema: public; Owner: postgres
--

ALTER TABLE ONLY public.auth_user_user_permissions
    ADD CONSTRAINT auth_user_user_permissions_user_id_permission_id_14a6b632_uniq UNIQUE (user_id, permission_id);


--
-- Name: auth_user auth_user_username_key; Type: CONSTRAINT; Schema: public; Owner: postgres
--

ALTER TABLE ONLY public.auth_user
    ADD CONSTRAINT auth_user_username_key UNIQUE (username);


--
-- Name: comportamientos comportamientos_beheavior_name_fbcf0a78_uniq; Type: CONSTRAINT; Schema: public; Owner: postgres
--

ALTER TABLE ONLY public.comportamientos
    ADD CONSTRAINT comportamientos_beheavior_name_fbcf0a78_uniq UNIQUE (beheavior_name);


--
-- Name: django_admin_log django_admin_log_pkey; Type: CONSTRAINT; Schema: public; Owner: postgres
--

ALTER TABLE ONLY public.django_admin_log
    ADD CONSTRAINT django_admin_log_pkey PRIMARY KEY (id);


--
-- Name: django_content_type django_content_type_app_label_model_76bd3d3b_uniq; Type: CONSTRAINT; Schema: public; Owner: postgres
--

ALTER TABLE ONLY public.django_content_type
    ADD CONSTRAINT django_content_type_app_label_model_76bd3d3b_uniq UNIQUE (app_label, model);


--
-- Name: django_content_type django_content_type_pkey; Type: CONSTRAINT; Schema: public; Owner: postgres
--

ALTER TABLE ONLY public.django_content_type
    ADD CONSTRAINT django_content_type_pkey PRIMARY KEY (id);


--
-- Name: django_migrations django_migrations_pkey; Type: CONSTRAINT; Schema: public; Owner: postgres
--

ALTER TABLE ONLY public.django_migrations
    ADD CONSTRAINT django_migrations_pkey PRIMARY KEY (id);


--
-- Name: django_q_ormq django_q_ormq_pkey; Type: CONSTRAINT; Schema: public; Owner: postgres
--

ALTER TABLE ONLY public.django_q_ormq
    ADD CONSTRAINT django_q_ormq_pkey PRIMARY KEY (id);


--
-- Name: django_q_schedule django_q_schedule_pkey; Type: CONSTRAINT; Schema: public; Owner: postgres
--

ALTER TABLE ONLY public.django_q_schedule
    ADD CONSTRAINT django_q_schedule_pkey PRIMARY KEY (id);


--
-- Name: django_q_task django_q_task_pkey; Type: CONSTRAINT; Schema: public; Owner: postgres
--

ALTER TABLE ONLY public.django_q_task
    ADD CONSTRAINT django_q_task_pkey PRIMARY KEY (id);


--
-- Name: django_session django_session_pkey; Type: CONSTRAINT; Schema: public; Owner: postgres
--

ALTER TABLE ONLY public.django_session
    ADD CONSTRAINT django_session_pkey PRIMARY KEY (session_key);


--
-- Name: comportamientos dogs_api_beheavior_pkey; Type: CONSTRAINT; Schema: public; Owner: postgres
--

ALTER TABLE ONLY public.comportamientos
    ADD CONSTRAINT dogs_api_beheavior_pkey PRIMARY KEY (id);


--
-- Name: fotos_perros fotos_perros_pkey; Type: CONSTRAINT; Schema: public; Owner: postgres
--

ALTER TABLE ONLY public.fotos_perros
    ADD CONSTRAINT fotos_perros_pkey PRIMARY KEY (id);


--
-- Name: perros_beheaviors perros_beheaviors_dog_id_beheavior_id_22d69837_uniq; Type: CONSTRAINT; Schema: public; Owner: postgres
--

ALTER TABLE ONLY public.perros_beheaviors
    ADD CONSTRAINT perros_beheaviors_dog_id_beheavior_id_22d69837_uniq UNIQUE (dog_id, beheavior_id);


--
-- Name: perros_beheaviors perros_beheaviors_pkey; Type: CONSTRAINT; Schema: public; Owner: postgres
--

ALTER TABLE ONLY public.perros_beheaviors
    ADD CONSTRAINT perros_beheaviors_pkey PRIMARY KEY (id);


--
-- Name: perros perros_pkey; Type: CONSTRAINT; Schema: public; Owner: postgres
--

ALTER TABLE ONLY public.perros
    ADD CONSTRAINT perros_pkey PRIMARY KEY (id);


--
-- Name: vet_api_medical_record vet_api_medical_record_pkey; Type: CONSTRAINT; Schema: public; Owner: postgres
--

ALTER TABLE ONLY public.vet_api_medical_record
    ADD CONSTRAINT vet_api_medical_record_pkey PRIMARY KEY (dog_id);


--
-- Name: auth_group_name_a6ea08ec_like; Type: INDEX; Schema: public; Owner: postgres
--

CREATE INDEX auth_group_name_a6ea08ec_like ON public.auth_group USING btree (name varchar_pattern_ops);


--
-- Name: auth_group_permissions_group_id_b120cbf9; Type: INDEX; Schema: public; Owner: postgres
--

CREATE INDEX auth_group_permissions_group_id_b120cbf9 ON public.auth_group_permissions USING btree (group_id);


--
-- Name: auth_group_permissions_permission_id_84c5c92e; Type: INDEX; Schema: public; Owner: postgres
--

CREATE INDEX auth_group_permissions_permission_id_84c5c92e ON public.auth_group_permissions USING btree (permission_id);


--
-- Name: auth_permission_content_type_id_2f476e4b; Type: INDEX; Schema: public; Owner: postgres
--

CREATE INDEX auth_permission_content_type_id_2f476e4b ON public.auth_permission USING btree (content_type_id);


--
-- Name: auth_user_groups_group_id_97559544; Type: INDEX; Schema: public; Owner: postgres
--

CREATE INDEX auth_user_groups_group_id_97559544 ON public.auth_user_groups USING btree (group_id);


--
-- Name: auth_user_groups_user_id_6a12ed8b; Type: INDEX; Schema: public; Owner: postgres
--

CREATE INDEX auth_user_groups_user_id_6a12ed8b ON public.auth_user_groups USING btree (user_id);


--
-- Name: auth_user_user_permissions_permission_id_1fbb5f2c; Type: INDEX; Schema: public; Owner: postgres
--

CREATE INDEX auth_user_user_permissions_permission_id_1fbb5f2c ON public.auth_user_user_permissions USING btree (permission_id);


--
-- Name: auth_user_user_permissions_user_id_a95ead1b; Type: INDEX; Schema: public; Owner: postgres
--

CREATE INDEX auth_user_user_permissions_user_id_a95ead1b ON public.auth_user_user_permissions USING btree (user_id);


--
-- Name: auth_user_username_6821ab7c_like; Type: INDEX; Schema: public; Owner: postgres
--

CREATE INDEX auth_user_username_6821ab7c_like ON public.auth_user USING btree (username varchar_pattern_ops);


--
-- Name: comportamientos_beheavior_name_fbcf0a78_like; Type: INDEX; Schema: public; Owner: postgres
--

CREATE INDEX comportamientos_beheavior_name_fbcf0a78_like ON public.comportamientos USING btree (beheavior_name varchar_pattern_ops);


--
-- Name: django_admin_log_content_type_id_c4bce8eb; Type: INDEX; Schema: public; Owner: postgres
--

CREATE INDEX django_admin_log_content_type_id_c4bce8eb ON public.django_admin_log USING btree (content_type_id);


--
-- Name: django_admin_log_user_id_c564eba6; Type: INDEX; Schema: public; Owner: postgres
--

CREATE INDEX django_admin_log_user_id_c564eba6 ON public.django_admin_log USING btree (user_id);


--
-- Name: django_q_task_id_32882367_like; Type: INDEX; Schema: public; Owner: postgres
--

CREATE INDEX django_q_task_id_32882367_like ON public.django_q_task USING btree (id varchar_pattern_ops);


--
-- Name: django_session_expire_date_a5c62663; Type: INDEX; Schema: public; Owner: postgres
--

CREATE INDEX django_session_expire_date_a5c62663 ON public.django_session USING btree (expire_date);


--
-- Name: django_session_session_key_c0390e0f_like; Type: INDEX; Schema: public; Owner: postgres
--

CREATE INDEX django_session_session_key_c0390e0f_like ON public.django_session USING btree (session_key varchar_pattern_ops);


--
-- Name: fotos_perros_dog_id_212c1665; Type: INDEX; Schema: public; Owner: postgres
--

CREATE INDEX fotos_perros_dog_id_212c1665 ON public.fotos_perros USING btree (dog_id);


--
-- Name: perros_beheaviors_beheavior_id_b645f562; Type: INDEX; Schema: public; Owner: postgres
--

CREATE INDEX perros_beheaviors_beheavior_id_b645f562 ON public.perros_beheaviors USING btree (beheavior_id);


--
-- Name: perros_beheaviors_dog_id_8a713099; Type: INDEX; Schema: public; Owner: postgres
--

CREATE INDEX perros_beheaviors_dog_id_8a713099 ON public.perros_beheaviors USING btree (dog_id);


--
-- Name: success_index; Type: INDEX; Schema: public; Owner: postgres
--

CREATE INDEX success_index ON public.django_q_task USING btree ("group", name, func) WHERE success;


--
-- Name: auth_group_permissions auth_group_permissio_permission_id_84c5c92e_fk_auth_perm; Type: FK CONSTRAINT; Schema: public; Owner: postgres
--

ALTER TABLE ONLY public.auth_group_permissions
    ADD CONSTRAINT auth_group_permissio_permission_id_84c5c92e_fk_auth_perm FOREIGN KEY (permission_id) REFERENCES public.auth_permission(id) DEFERRABLE INITIALLY DEFERRED;


--
-- Name: auth_group_permissions auth_group_permissions_group_id_b120cbf9_fk_auth_group_id; Type: FK CONSTRAINT; Schema: public; Owner: postgres
--

ALTER TABLE ONLY public.auth_group_permissions
    ADD CONSTRAINT auth_group_permissions_group_id_b120cbf9_fk_auth_group_id FOREIGN KEY (group_id) REFERENCES public.auth_group(id) DEFERRABLE INITIALLY DEFERRED;


--
-- Name: auth_permission auth_permission_content_type_id_2f476e4b_fk_django_co; Type: FK CONSTRAINT; Schema: public; Owner: postgres
--

ALTER TABLE ONLY public.auth_permission
    ADD CONSTRAINT auth_permission_content_type_id_2f476e4b_fk_django_co FOREIGN KEY (content_type_id) REFERENCES public.django_content_type(id) DEFERRABLE INITIALLY DEFERRED;


--
-- Name: auth_user_groups auth_user_groups_group_id_97559544_fk_auth_group_id; Type: FK CONSTRAINT; Schema: public; Owner: postgres
--

ALTER TABLE ONLY public.auth_user_groups
    ADD CONSTRAINT auth_user_groups_group_id_97559544_fk_auth_group_id FOREIGN KEY (group_id) REFERENCES public.auth_group(id) DEFERRABLE INITIALLY DEFERRED;


--
-- Name: auth_user_groups auth_user_groups_user_id_6a12ed8b_fk_auth_user_id; Type: FK CONSTRAINT; Schema: public; Owner: postgres
--

ALTER TABLE ONLY public.auth_user_groups
    ADD CONSTRAINT auth_user_groups_user_id_6a12ed8b_fk_auth_user_id FOREIGN KEY (user_id) REFERENCES public.auth_user(id) DEFERRABLE INITIALLY DEFERRED;


--
-- Name: auth_user_user_permissions auth_user_user_permi_permission_id_1fbb5f2c_fk_auth_perm; Type: FK CONSTRAINT; Schema: public; Owner: postgres
--

ALTER TABLE ONLY public.auth_user_user_permissions
    ADD CONSTRAINT auth_user_user_permi_permission_id_1fbb5f2c_fk_auth_perm FOREIGN KEY (permission_id) REFERENCES public.auth_permission(id) DEFERRABLE INITIALLY DEFERRED;


--
-- Name: auth_user_user_permissions auth_user_user_permissions_user_id_a95ead1b_fk_auth_user_id; Type: FK CONSTRAINT; Schema: public; Owner: postgres
--

ALTER TABLE ONLY public.auth_user_user_permissions
    ADD CONSTRAINT auth_user_user_permissions_user_id_a95ead1b_fk_auth_user_id FOREIGN KEY (user_id) REFERENCES public.auth_user(id) DEFERRABLE INITIALLY DEFERRED;


--
-- Name: django_admin_log django_admin_log_content_type_id_c4bce8eb_fk_django_co; Type: FK CONSTRAINT; Schema: public; Owner: postgres
--

ALTER TABLE ONLY public.django_admin_log
    ADD CONSTRAINT django_admin_log_content_type_id_c4bce8eb_fk_django_co FOREIGN KEY (content_type_id) REFERENCES public.django_content_type(id) DEFERRABLE INITIALLY DEFERRED;


--
-- Name: django_admin_log django_admin_log_user_id_c564eba6_fk_auth_user_id; Type: FK CONSTRAINT; Schema: public; Owner: postgres
--

ALTER TABLE ONLY public.django_admin_log
    ADD CONSTRAINT django_admin_log_user_id_c564eba6_fk_auth_user_id FOREIGN KEY (user_id) REFERENCES public.auth_user(id) DEFERRABLE INITIALLY DEFERRED;


--
-- Name: fotos_perros fotos_perros_dog_id_212c1665_fk_perros_id; Type: FK CONSTRAINT; Schema: public; Owner: postgres
--

ALTER TABLE ONLY public.fotos_perros
    ADD CONSTRAINT fotos_perros_dog_id_212c1665_fk_perros_id FOREIGN KEY (dog_id) REFERENCES public.perros(id) DEFERRABLE INITIALLY DEFERRED;


--
-- Name: perros_beheaviors perros_beheaviors_beheavior_id_b645f562_fk_dogs_api_; Type: FK CONSTRAINT; Schema: public; Owner: postgres
--

ALTER TABLE ONLY public.perros_beheaviors
    ADD CONSTRAINT perros_beheaviors_beheavior_id_b645f562_fk_dogs_api_ FOREIGN KEY (beheavior_id) REFERENCES public.comportamientos(id) DEFERRABLE INITIALLY DEFERRED;


--
-- Name: perros_beheaviors perros_beheaviors_dog_id_8a713099_fk_perros_id; Type: FK CONSTRAINT; Schema: public; Owner: postgres
--

ALTER TABLE ONLY public.perros_beheaviors
    ADD CONSTRAINT perros_beheaviors_dog_id_8a713099_fk_perros_id FOREIGN KEY (dog_id) REFERENCES public.perros(id) DEFERRABLE INITIALLY DEFERRED;


--
-- Name: vet_api_medical_record vet_api_medical_record_dog_id_1eaf3cd4_fk_perros_id; Type: FK CONSTRAINT; Schema: public; Owner: postgres
--

ALTER TABLE ONLY public.vet_api_medical_record
    ADD CONSTRAINT vet_api_medical_record_dog_id_1eaf3cd4_fk_perros_id FOREIGN KEY (dog_id) REFERENCES public.perros(id) DEFERRABLE INITIALLY DEFERRED;


--
-- PostgreSQL database dump complete
--

\unrestrict ghzXiGvM4kZB6eKaR8gZExMiX9ZlowjiGHuvuciDoDmbm9ieUQZ0s6IKEOm1KeI

